"index","record_num","mic","class"
"0","1856","O","C"
"1","133","A","M"
"2","1418","A","M"
"3","398","A","T"
"4","47","O","C"
"5","388","A","T"
"6","1335","A","M"
"7","1831","O","N"
"8","1043","A","M"
"9","1949","O","N"
"10","1380","A","C"
"11","1821","O","N"
"12","936","O","C"
"13","1959","O","N"
"14","1870","A","N"
"15","513","M","C"
"16","245","A","M"
"17","792","O","C"
"18","1685","O","N"
"19","1860","A","N"
"20","1695","O","N"
"21","1705","A","N"
"22","213","H","T"
"23","1888","O","N"
"24","1898","O","N"
"25","203","H","T"
"26","1744","O","N"
"27","612","A","T"
"28","669","M","M"
"29","602","A","T"
"30","1404","A","C"
"31","643","O","C"
"32","1754","O","N"
"33","679","M","M"
"34","360","O","T"
"35","574","A","T"
"36","1024","M","M"
"37","1422","O","N"
"38","321","A","C"
"39","218","O","T"
"40","1432","O","N"
"41","467","M","M"
"42","1034","M","M"
"43","370","O","T"
"44","208","O","T"
"45","535","O","T"
"46","878","M","C"
"47","1723","O","C"
"48","525","O","T"
"49","165","H","T"
"50","1751","O","C"
"51","820","O","M"
"52","117","H","T"
"53","1579","A","N"
"54","547","O","T"
"55","107","H","T"
"56","948","O","M"
"57","1569","A","N"
"58","1440","O","N"
"59","302","O","T"
"60","516","A","T"
"61","694","O","M"
"62","1538","O","N"
"63","919","A","M"
"64","312","O","T"
"65","1450","O","N"
"66","909","A","M"
"67","1528","O","N"
"68","670","A","T"
"69","1726","O","N"
"70","631","O","C"
"71","708","A","T"
"72","749","O","C"
"73","2881","O","C"
"74","1736","O","N"
"75","763","M","M"
"76","660","A","T"
"77","68","A","M"
"78","759","O","C"
"79","319","H","C"
"80","718","A","T"
"81","271","H","T"
"82","97","H","T"
"83","1767","A","N"
"84","1777","A","N"
"85","87","H","T"
"86","261","H","T"
"87","1812","A","N"
"88","1802","A","N"
"89","1070","O","M"
"90","698","O","C"
"91","419","M","C"
"92","1108","O","M"
"93","1021","A","M"
"94","1853","O","N"
"95","1843","O","N"
"96","954","O","C"
"97","816","M","M"
"98","1347","A","M"
"99","496","O","T"
"100","1084","A","C"
"101","391","M","M"
"102","486","O","T"
"103","315","H","M"
"104","1512","A","M"
"105","141","A","M"
"106","282","A","C"
"107","1581","O","N"
"108","1502","A","M"
"109","745","O","M"
"110","1591","O","N"
"111","292","A","C"
"112","433","A","T"
"113","227","O","T"
"114","80","A","C"
"115","266","A","C"
"116","1565","O","N"
"117","1575","O","N"
"118","1031","O","C"
"119","423","A","T"
"120","954","A","M"
"121","1330","O","N"
"122","1524","A","N"
"123","1108","A","C"
"124","1070","A","C"
"125","1320","O","N"
"126","1534","A","N"
"127","462","O","T"
"128","64","O","M"
"129","1642","A","N"
"130","1316","A","C"
"131","151","O","C"
"132","1652","A","N"
"133","889","A","T"
"134","714","O","C"
"135","1603","O","N"
"136","755","A","T"
"137","745","A","T"
"138","646","M","M"
"139","1613","O","N"
"140","704","O","C"
"141","110","A","C"
"142","344","H","C"
"143","295","H","T"
"144","919","O","C"
"145","1783","A","N"
"146","820","A","T"
"147","1104","A","M"
"148","1793","A","N"
"149","63","H","T"
"150","285","H","T"
"151","933","M","M"
"152","830","A","T"
"153","694","A","T"
"154","797","M","M"
"155","1145","O","M"
"156","1296","O","C"
"157","787","M","M"
"158","684","A","T"
"159","948","A","C"
"160","1155","O","M"
"161","444","M","C"
"162","27A","H","T"
"163","1098","O","C"
"164","1223","O","M"
"165","670","O","M"
"166","1437","A","M"
"167","732","M","C"
"168","895","A","M"
"169","1233","O","M"
"170","1427","A","M"
"171","1389","O","N"
"172","1262","A","M"
"173","1399","O","N"
"174","1272","A","M"
"175","191","H","T"
"176","1368","A","M"
"177","590","A","T"
"178","384","O","T"
"179","1182","O","C"
"180","1241","O","M"
"181","612","O","M"
"182","1455","A","M"
"183","7","H","T"
"184","483","M","M"
"185","580","A","T"
"186","394","O","T"
"187","1251","O","M"
"188","602","O","M"
"189","1445","A","M"
"190","740","M","C"
"191","360","A","M"
"192","2807","O","C"
"193","11","H","T"
"194","842","A","T"
"195","941","M","M"
"196","1699","A","N"
"197","1914","O","N"
"198","803","O","C"
"199","1904","O","N"
"200","951","M","M"
"201","852","A","T"
"202","1689","A","N"
"203","1894","A","N"
"204","983","A","C"
"205","1719","O","N"
"206","737","A","T"
"207","776","O","C"
"208","162","A","C"
"209","1661","O","N"
"210","336","H","C"
"211","1459","A","C"
"212","1709","O","N"
"213","1884","A","N"
"214","1671","O","N"
"215","766","O","C"
"216","727","A","T"
"217","1758","A","N"
"218","1620","A","N"
"219","1748","A","N"
"220","890","M","M"
"221","1630","A","N"
"222","568","O","T"
"223","128","H","T"
"224","1352","O","N"
"225","1546","A","N"
"226","410","O","T"
"227","578","O","T"
"228","138","H","T"
"229","400","O","T"
"230","1012","A","C"
"231","1342","O","N"
"232","1556","A","N"
"233","529","A","T"
"234","1043","O","C"
"235","1507","O","N"
"236","451","A","T"
"237","245","O","T"
"238","926","A","M"
"239","539","A","T"
"240","255","O","T"
"241","1517","O","N"
"242","214","A","C"
"243","1053","O","C"
"244","839","O","M"
"245","436","O","T"
"246","941","O","M"
"247","1374","O","N"
"248","1560","A","N"
"249","1364","O","N"
"250","1570","A","N"
"251","1034","A","C"
"252","95","O","C"
"253","1459","O","N"
"254","477","A","T"
"255","263","O","T"
"256","1521","O","N"
"257","1065","O","C"
"258","1449","O","N"
"259","1531","O","N"
"260","564","M","M"
"261","467","A","T"
"262","273","O","T"
"263","910","A","M"
"264","287","A","M"
"265","61","A","M"
"266","669","A","T"
"267","1647","O","N"
"268","750","O","C"
"269","310","H","C"
"270","711","A","T"
"271","71","A","M"
"272","679","A","T"
"273","638","O","C"
"274","740","O","C"
"275","1657","O","N"
"276","1081","A","M"
"277","268","H","T"
"278","105","O","C"
"279","1606","A","N"
"280","278","H","T"
"281","1091","A","M"
"282","300","H","T"
"283","1616","A","N"
"284","115","O","C"
"285","568","M","C"
"286","1786","O","N"
"287","1043","M","C"
"288","410","M","C"
"289","346","A","M"
"290","1796","O","N"
"291","681","O","C"
"292","37","H","T"
"293","825","O","C"
"294","1932","O","N"
"295","967","M","M"
"296","864","A","T"
"297","1028","A","M"
"298","27","H","T"
"299","89","O","M"
"300","874","A","T"
"301","977","M","M"
"302","1922","O","N"
"303","119","O","M"
"304","1226","A","M"
"305","109","O","M"
"306","388","M","M"
"307","1598","O","N"
"308","1267","O","M"
"309","1473","A","M"
"310","776","M","C"
"311","1588","O","N"
"312","1277","O","M"
"313","624","O","M"
"314","1463","A","M"
"315","595","O","C"
"316","1482","O","N"
"317","1205","O","M"
"318","1411","A","M"
"319","1492","O","N"
"320","646","O","M"
"321","1244","A","M"
"322","326A","O","T"
"323","585","O","T"
"324","391","A","T"
"325","1254","A","M"
"326","55","H","T"
"327","1828","O","N"
"328","905","M","M"
"329","806","A","T"
"330","1950","O","N"
"331","1838","O","N"
"332","45","H","T"
"333","1940","O","N"
"334","816","A","T"
"335","1869","A","N"
"336","324","A","M"
"337","1879","A","N"
"338","462","M","C"
"339","1901","A","N"
"340","1891","O","N"
"341","1258","A","C"
"342","1320","A","C"
"343","167","O","C"
"344","1664","A","N"
"345","1881","O","N"
"346","1674","A","N"
"347","763","A","C"
"348","708","M","M"
"349","670","M","M"
"350","1625","O","N"
"351","732","O","C"
"352","1635","O","N"
"353","660","M","M"
"354","379","O","T"
"355","1543","O","N"
"356","1007","O","C"
"357","415","A","T"
"358","962","A","M"
"359","787","O","M"
"360","405","A","T"
"361","211","O","T"
"362","250","A","C"
"363","1017","O","C"
"364","1553","O","N"
"365","201","O","C"
"366","1046","A","C"
"367","861","M","C"
"368","454","O","T"
"369","923","O","M"
"370","444","O","T"
"371","1306","O","N"
"372","1056","A","C"
"373","126","O","M"
"374","188","H","T"
"375","198","H","T"
"376","136","O","M"
"377","13","O","C"
"378","167","A","M"
"379","1802","O","C"
"380","589","A","T"
"381","1258","O","M"
"382","749","M","C"
"383","599","A","T"
"384","177","A","M"
"385","1248","O","M"
"386","1834","A","N"
"387","557","M","C"
"388","797","A","T"
"389","1056","O","M"
"390","211","A","M"
"391","1824","A","N"
"392","547","M","C"
"393","787","A","T"
"394","1875","O","N"
"395","962","O","C"
"396","820","M","M"
"397","183","O","C"
"398","1680","A","N"
"399","18","H","T"
"400","1865","O","N"
"401","948","M","M"
"402","1690","A","N"
"403","193","O","C"
"404","1700","O","N"
"405","755","M","M"
"406","656","A","T"
"407","1678","O","N"
"408","1187","O","M"
"409","496","M","C"
"410","646","A","T"
"411","745","M","M"
"412","1710","O","N"
"413","1668","O","N"
"414","1197","O","M"
"415","1741","A","N"
"416","1205","A","C"
"417","257","H","T"
"418","1639","A","N"
"419","247","H","T"
"420","1215","A","C"
"421","1751","A","N"
"422","1629","A","N"
"423","571","O","T"
"424","131","H","T"
"425","409","O","T"
"426","334","O","C"
"427","561","O","T"
"428","121","H","T"
"429","419","O","T"
"430","324","O","T"
"431","530","A","T"
"432","365","A","C"
"433","1466","O","N"
"434","448","A","T"
"435","1476","O","N"
"436","375","A","C"
"437","458","A","T"
"438","307","A","C"
"439","1404","O","N"
"440","1002","M","M"
"441","346","O","T"
"442","552","A","T"
"443","1497","A","M"
"444","1283","O","M"
"445","99","A","C"
"446","356","O","T"
"447","542","A","T"
"448","1012","M","M"
"449","1414","O","N"
"450","2342","O","C"
"451","782","M","C"
"452","1487","A","M"
"453","1293","O","M"
"454","1028","O","C"
"455","1101","A","C"
"456","513","O","T"
"457","153","H","T"
"458","1329","O","N"
"459","503","O","T"
"460","143","H","T"
"461","1111","A","C"
"462","1339","O","N"
"463","1069","A","C"
"464","235","H","T"
"465","1723","A","N"
"466","983","M","M"
"467","880","A","T"
"468","1733","A","N"
"469","225","H","T"
"470","148","O","C"
"471","890","A","T"
"472","993","M","M"
"473","1762","O","N"
"474","119","A","C"
"475","1856","M","C"
"476","1772","O","N"
"477","624","A","T"
"478","727","M","M"
"479","842","M","M"
"480","1817","O","N"
"481","839","A","T"
"482","1807","O","N"
"483","852","M","M"
"484","829","A","T"
"485","1856","A","N"
"486","535","M","C"
"487","1846","A","N"
"488","951","A","C"
"489","273","A","M"
"490","287","O","T"
"491","493","A","T"
"492","1081","O","C"
"493","115","A","M"
"494","186","O","N"
"495","30","A","C"
"496","297","O","T"
"497","483","A","T"
"498","1303","A","M"
"499","1584","A","N"
"500","1390","O","N"
"501","154","O","M"
"502","1594","A","N"
"503","1380","O","N"
"504","401","M","T"
"505","976","M","M"
"506","875","A","T"
"507","1923","O","N"
"508","26","H","T"
"509","1029","A","M"
"510","1933","O","N"
"511","865","A","T"
"512","966","M","M"
"513","36","H","T"
"514","1282","A","C"
"515","680","O","C"
"516","1797","O","N"
"517","1068","O","M"
"518","411","M","C"
"519","1100","O","M"
"520","347","A","M"
"521","569","M","C"
"522","1787","O","N"
"523","1462","A","M"
"524","1276","O","M"
"525","1589","O","N"
"526","149","A","M"
"527","1472","A","M"
"528","1266","O","M"
"529","1599","O","N"
"530","1227","A","M"
"531","118","O","M"
"532","1530","O","N"
"533","427","O","C"
"534","272","O","T"
"535","1035","A","T"
"536","466","A","T"
"537","565","M","M"
"538","1448","O","N"
"539","262","O","T"
"540","901","A","M"
"541","476","A","T"
"542","223","A","C"
"543","1520","O","N"
"544","1458","O","N"
"545","1571","A","N"
"546","812","M","C"
"547","1365","O","N"
"548","94","O","C"
"549","1759","O","C"
"550","828","O","M"
"551","84","O","C"
"552","437","O","T"
"553","1561","A","N"
"554","1375","O","N"
"555","802","M","C"
"556","1025","A","C"
"557","838","O","M"
"558","301","H","T"
"559","1617","A","N"
"560","395","M","C"
"561","279","H","T"
"562","1607","A","N"
"563","1343","A","C"
"564","1080","A","M"
"565","21","O","M"
"566","269","H","T"
"567","385","M","C"
"568","700","A","T"
"569","1656","O","N"
"570","155","A","C"
"571","741","O","C"
"572","678","A","T"
"573","70","A","M"
"574","2100","O","C"
"575","1646","O","N"
"576","710","A","T"
"577","286","A","M"
"578","629","O","C"
"579","668","A","T"
"580","598","O","M"
"581","1634","O","N"
"582","137","A","C"
"583","723","O","C"
"584","762","A","T"
"585","661","M","M"
"586","719","M","M"
"587","772","A","T"
"588","1624","O","N"
"589","1331","A","C"
"590","1675","A","N"
"591","53","O","M"
"592","1880","O","N"
"593","1665","A","N"
"594","43","O","M"
"595","1890","O","N"
"596","932","O","M"
"597","445","O","T"
"598","1307","O","N"
"599","1394","A","M"
"600","1317","O","N"
"601","1047","A","C"
"602","922","O","M"
"603","455","O","T"
"604","210","O","T"
"605","404","A","T"
"606","1552","O","N"
"607","368","O","T"
"608","192","A","M"
"609","1006","O","C"
"610","241","A","C"
"611","1542","O","N"
"612","414","A","T"
"613","339","A","C"
"614","378","O","T"
"615","390","A","T"
"616","1400","A","M"
"617","1493","O","N"
"618","715","M","C"
"619","1410","A","M"
"620","1204","O","M"
"621","1483","O","N"
"622","380","A","C"
"623","1900","A","N"
"624","463","M","C"
"625","1172","O","M"
"626","335","A","M"
"627","1878","A","N"
"628","473","M","C"
"629","1868","A","N"
"630","1941","O","N"
"631","914","M","M"
"632","817","A","T"
"633","1839","O","N"
"634","44","H","T"
"635","1123","A","M"
"636","807","A","T"
"637","1951","O","N"
"638","846","O","C"
"639","54","H","T"
"640","1829","O","N"
"641","1628","A","N"
"642","246","H","T"
"643","888","M","M"
"644","1750","A","N"
"645","1638","A","N"
"646","1740","A","N"
"647","256","H","T"
"648","1196","O","M"
"649","1669","O","N"
"650","647","A","T"
"651","1711","O","N"
"652","1186","O","M"
"653","1679","O","N"
"654","497","M","C"
"655","1701","O","N"
"656","657","A","T"
"657","754","M","M"
"658","459","A","T"
"659","1477","O","N"
"660","699","M","C"
"661","521","A","T"
"662","335","O","T"
"663","449","A","T"
"664","689","M","C"
"665","531","A","T"
"666","325","O","T"
"667","1467","O","N"
"668","1123","O","C"
"669","418","O","T"
"670","120","H","T"
"671","560","O","T"
"672","408","O","T"
"673","130","H","T"
"674","570","O","T"
"675","53","A","C"
"676","1249","O","M"
"677","598","A","T"
"678","762","O","M"
"679","322","H","M"
"680","1259","O","M"
"681","748","M","C"
"682","332","H","M"
"683","588","A","T"
"684","1803","O","C"
"685","199","H","T"
"686","1370","A","M"
"687","884","M","C"
"688","1360","A","M"
"689","1691","A","N"
"690","949","M","M"
"691","19","H","T"
"692","831","M","M"
"693","1864","O","N"
"694","1681","A","N"
"695","959","M","M"
"696","1874","O","N"
"697","821","M","M"
"698","1006","A","M"
"699","368","A","M"
"700","786","A","T"
"701","210","A","M"
"702","1057","O","M"
"703","1825","A","N"
"704","75","O","N"
"705","796","A","T"
"706","378","A","M"
"707","556","M","C"
"708","1835","A","N"
"709","922","A","C"
"710","1047","O","M"
"711","1847","A","N"
"712","94","A","M"
"713","272","A","M"
"714","1035","O","M"
"715","262","A","M"
"716","1025","O","M"
"717","1857","A","N"
"718","940","A","C"
"719","84","A","M"
"720","828","A","T"
"721","1806","O","N"
"722","1074","A","M"
"723","838","A","T"
"724","843","M","M"
"725","1064","A","M"
"726","1816","O","N"
"727","1381","O","N"
"728","1595","A","N"
"729","155","O","M"
"730","1391","O","N"
"731","1585","A","N"
"732","145","O","M"
"733","482","A","T"
"734","296","O","T"
"735","492","A","T"
"736","1919","O","C"
"737","652","M","C"
"738","1068","A","C"
"739","1338","O","N"
"740","142","H","T"
"741","502","O","T"
"742","1328","O","N"
"743","1078","A","C"
"744","553","A","C"
"745","152","H","T"
"746","512","O","T"
"747","88","A","C"
"748","538","M","M"
"749","1292","O","M"
"750","1486","A","M"
"751","1013","M","M"
"752","543","A","T"
"753","357","O","T"
"754","316","A","C"
"755","1415","O","N"
"756","1039","O","C"
"757","1282","O","M"
"758","1496","A","M"
"759","793","M","C"
"760","1405","O","N"
"761","306","A","C"
"762","1141","O","C"
"763","1003","M","M"
"764","108","A","C"
"765","1773","O","N"
"766","726","M","M"
"767","625","A","T"
"768","1763","O","N"
"769","674","O","C"
"770","1433","A","C"
"771","992","M","M"
"772","891","A","T"
"773","1732","A","N"
"774","224","H","T"
"775","881","A","T"
"776","982","M","M"
"777","234","H","T"
"778","1722","A","N"
"779","678","M","M"
"780","603","A","T"
"781","1755","O","N"
"782","591","O","M"
"783","1745","O","N"
"784","710","M","M"
"785","613","A","T"
"786","1328","A","C"
"787","202","H","T"
"788","1899","O","N"
"789","1714","A","N"
"790","1338","A","C"
"791","1704","A","N"
"792","1240","A","C"
"793","1889","O","N"
"794","212","H","T"
"795","1136","A","C"
"796","164","H","T"
"797","524","O","T"
"798","879","M","C"
"799","534","O","T"
"800","901","M","C"
"801","248","A","C"
"802","209","O","T"
"803","1433","O","N"
"804","565","A","T"
"805","371","O","T"
"806","1035","M","M"
"807","466","M","M"
"808","219","O","T"
"809","1025","M","M"
"810","575","A","T"
"811","1126","A","T"
"812","361","O","T"
"813","1423","O","N"
"814","992","O","M"
"815","982","O","M"
"816","1324","A","M"
"817","726","O","M"
"818","1409","A","M"
"819","1694","O","N"
"820","254","A","M"
"821","502","M","C"
"822","1861","A","N"
"823","1684","O","N"
"824","187","A","C"
"825","1871","A","N"
"826","1391","A","C"
"827","1958","O","N"
"828","875","M","M"
"829","937","O","C"
"830","1820","O","N"
"831","1948","O","N"
"832","1381","A","C"
"833","1830","O","N"
"834","1042","A","M"
"835","865","M","M"
"836","1842","O","N"
"837","1030","A","M"
"838","1020","A","M"
"839","807","M","M"
"840","1852","O","N"
"841","945","O","C"
"842","1803","A","N"
"843","914","A","C"
"844","699","O","C"
"845","236","A","M"
"846","1071","O","M"
"847","408","M","C"
"848","689","O","C"
"849","1061","O","M"
"850","570","M","C"
"851","1813","A","N"
"852","1590","O","N"
"853","75","A","C"
"854","744","O","M"
"855","1503","A","M"
"856","304","H","M"
"857","1835","O","C"
"858","65","A","C"
"859","1580","O","N"
"860","283","A","C"
"861","754","O","M"
"862","1513","A","M"
"863","314","H","M"
"864","1681","O","C"
"865","1095","A","C"
"866","487","O","T"
"867","34","O","C"
"868","111","O","M"
"869","497","O","T"
"870","1346","A","M"
"871","908","A","M"
"872","507","A","T"
"873","313","O","T"
"874","1451","O","N"
"875","1539","O","N"
"876","918","A","M"
"877","342","A","C"
"878","1441","O","N"
"879","414","M","M"
"880","517","A","T"
"881","303","O","T"
"882","1568","A","N"
"883","1297","A","M"
"884","106","H","T"
"885","546","O","T"
"886","1578","A","N"
"887","1287","A","M"
"888","959","O","M"
"889","116","H","T"
"890","556","O","T"
"891","821","O","M"
"892","86","H","T"
"893","1776","A","N"
"894","28","O","M"
"895","260","H","T"
"896","270","H","T"
"897","1766","A","N"
"898","96","H","T"
"899","758","O","C"
"900","1737","O","N"
"901","1467","A","C"
"902","69","A","M"
"903","661","A","T"
"904","762","M","M"
"905","709","A","T"
"906","748","O","C"
"907","671","A","T"
"908","1263","O","C"
"909","630","O","C"
"910","1727","O","N"
"911","1154","O","M"
"912","313","A","M"
"913","685","A","T"
"914","455","M","C"
"915","1006","M","C"
"916","1144","O","M"
"917","959","A","C"
"918","695","A","T"
"919","831","A","T"
"920","62","H","T"
"921","1792","A","N"
"922","284","H","T"
"923","922","M","M"
"924","821","A","T"
"925","294","H","T"
"926","1782","A","N"
"927","72","H","T"
"928","1398","O","N"
"929","1388","O","N"
"930","1910","O","C"
"931","1426","A","M"
"932","1232","O","M"
"933","1089","O","C"
"934","1436","A","M"
"935","1222","O","M"
"936","733","M","C"
"937","38","A","C"
"938","1535","A","N"
"939","856","M","C"
"940","1321","O","N"
"941","914","O","M"
"942","463","O","T"
"943","473","O","T"
"944","1061","A","C"
"945","1525","A","N"
"946","1331","O","N"
"947","1119","A","C"
"948","1574","O","N"
"949","521","M","M"
"950","955","A","M"
"951","236","O","T"
"952","422","A","T"
"953","1148","O","C"
"954","226","O","T"
"955","945","A","M"
"956","1564","O","N"
"957","1158","O","C"
"958","744","A","T"
"959","345","H","C"
"960","111","A","C"
"961","1612","O","N"
"962","34","A","M"
"963","1095","O","M"
"964","1602","O","N"
"965","754","A","T"
"966","657","M","M"
"967","898","A","C"
"968","888","A","T"
"969","1653","A","N"
"970","1317","A","C"
"971","1643","A","N"
"972","1631","A","N"
"973","891","M","M"
"974","1749","A","N"
"975","122","O","C"
"976","1621","A","N"
"977","1759","A","N"
"978","327","H","C"
"979","767","O","C"
"980","1670","O","N"
"981","1708","O","N"
"982","56","A","M"
"983","1885","A","N"
"984","736","A","T"
"985","1660","O","N"
"986","163","A","C"
"987","777","O","C"
"988","982","A","C"
"989","1895","A","N"
"990","1718","O","N"
"991","254","O","T"
"992","440","A","T"
"993","1052","O","C"
"994","215","A","C"
"995","1516","O","N"
"996","680","M","C"
"997","538","A","T"
"998","1506","O","N"
"999","1042","O","C"
"1000","450","A","T"
"1001","690","M","C"
"1002","528","A","T"
"1003","976","O","M"
"1004","1557","A","N"
"1005","834","M","C"
"1006","139","H","T"
"1007","1003","A","C"
"1008","1547","A","N"
"1009","1353","O","N"
"1010","411","O","T"
"1011","129","H","T"
"1012","569","O","T"
"1013","1444","A","M"
"1014","603","O","M"
"1015","1250","O","M"
"1016","1972","O","C"
"1017","395","O","T"
"1018","581","A","T"
"1019","751","M","C"
"1020","1454","A","M"
"1021","6","H","T"
"1022","1240","O","M"
"1023","492","M","M"
"1024","385","O","T"
"1025","591","A","T"
"1026","190","H","C"
"1027","1211","A","M"
"1028","1369","A","M"
"1029","180","H","T"
"1030","1379","A","M"
"1031","1905","O","N"
"1032","812","O","C"
"1033","1688","A","N"
"1034","853","A","T"
"1035","950","M","M"
"1036","828","M","M"
"1037","1698","A","N"
"1038","940","M","M"
"1039","843","A","T"
"1040","802","O","C"
"1041","1915","O","N"
"1042","10","H","T"
"1043","838","M","M"
"1044","371","A","M"
"1045","1126","O","M"
"1046","416","A","T"
"1047","515","M","M"
"1048","1540","O","N"
"1049","180","A","M"
"1050","1438","O","N"
"1051","253","A","C"
"1052","1550","O","N"
"1053","505","M","M"
"1054","212","O","T"
"1055","406","A","T"
"1056","1428","O","N"
"1057","457","O","T"
"1058","202","O","C"
"1059","1315","O","N"
"1060","1729","O","C"
"1061","1305","O","N"
"1062","1055","A","C"
"1063","770","A","C"
"1064","1323","A","C"
"1065","1667","A","N"
"1066","1892","O","N"
"1067","209","H","T"
"1068","985","O","C"
"1069","1677","A","N"
"1070","219","H","T"
"1071","995","O","C"
"1072","1882","O","N"
"1073","51","O","M"
"1074","1626","O","N"
"1075","125","A","C"
"1076","731","O","C"
"1077","649","O","C"
"1078","608","A","T"
"1079","760","A","T"
"1080","1636","O","N"
"1081","618","A","T"
"1082","659","O","C"
"1083","844","O","C"
"1084","1953","O","N"
"1085","805","A","T"
"1086","1059","A","M"
"1087","56","H","T"
"1088","815","A","T"
"1089","1943","O","N"
"1090","1049","A","M"
"1091","46","H","T"
"1092","471","M","C"
"1093","1018","O","M"
"1094","1170","O","M"
"1095","1902","A","N"
"1096","461","M","C"
"1097","519","M","C"
"1098","1412","A","M"
"1099","1206","O","M"
"1100","1481","O","N"
"1101","707","M","C"
"1102","1216","O","M"
"1103","1491","O","N"
"1104","989","O","M"
"1105","326B","O","T"
"1106","392","A","T"
"1107","586","O","T"
"1108","1235","A","M"
"1109","775","M","C"
"1110","298","A","C"
"1111","1470","A","M"
"1112","1264","O","M"
"1113","1508","A","M"
"1114","288","A","C"
"1115","1460","A","M"
"1116","1274","O","M"
"1117","1518","A","M"
"1118","1102","O","M"
"1119","345","A","M"
"1120","692","O","C"
"1121","1785","O","N"
"1122","1808","A","N"
"1123","403","M","C"
"1124","1112","O","M"
"1125","836","O","T"
"1126","1818","A","N"
"1127","1795","O","N"
"1128","964","M","M"
"1129","867","A","T"
"1130","826","O","C"
"1131","1931","O","N"
"1132","34","H","T"
"1133","1280","A","C"
"1134","1849","O","N"
"1135","877","A","T"
"1136","974","M","M"
"1137","682","O","T"
"1138","1859","O","N"
"1139","24","H","T"
"1140","1290","A","C"
"1141","712","A","T"
"1142","1644","O","N"
"1143","743","O","C"
"1144","294","A","M"
"1145","753","O","T"
"1146","106","O","C"
"1147","1605","A","N"
"1148","387","M","C"
"1149","1615","A","N"
"1150","702","A","C"
"1151","1229","A","C"
"1152","1092","A","M"
"1153","397","M","C"
"1154","33","O","M"
"1155","1027","A","C"
"1156","1563","A","N"
"1157","1377","O","N"
"1158","435","O","T"
"1159","425","O","T"
"1160","96","O","C"
"1161","1573","A","N"
"1162","1037","A","C"
"1163","1522","O","N"
"1164","1066","O","C"
"1165","221","A","C"
"1166","903","A","M"
"1167","260","O","T"
"1168","474","A","T"
"1169","318","O","T"
"1170","270","O","T"
"1171","913","A","M"
"1172","464","A","T"
"1173","1076","O","C"
"1174","1532","O","N"
"1175","308","O","T"
"1176","1239","O","M"
"1177","490","A","T"
"1178","284","O","T"
"1179","1863","O","C"
"1180","33","A","C"
"1181","738","M","C"
"1182","480","A","T"
"1183","1229","O","M"
"1184","342","H","M"
"1185","1393","O","N"
"1186","1587","A","N"
"1187","147","O","M"
"1188","1383","O","N"
"1189","1597","A","N"
"1190","1268","A","M"
"1191","1310","A","M"
"1192","157","O","M"
"1193","939","M","M"
"1194","1814","O","N"
"1195","1066","A","M"
"1196","841","M","M"
"1197","1799","A","N"
"1198","929","M","M"
"1199","851","M","M"
"1200","1076","A","M"
"1201","79","H","T"
"1202","1789","A","N"
"1203","1804","O","N"
"1204","318","A","M"
"1205","1855","A","N"
"1206","260","A","M"
"1207","96","A","M"
"1208","526","M","C"
"1209","1845","A","N"
"1210","952","A","C"
"1211","980","M","M"
"1212","883","A","T"
"1213","236","H","T"
"1214","1648","A","N"
"1215","990","M","M"
"1216","226","H","T"
"1217","1730","A","N"
"1218","1619","O","N"
"1219","676","O","C"
"1220","1761","O","N"
"1221","734","M","M"
"1222","893","A","C"
"1223","1609","O","N"
"1224","627","A","T"
"1225","1771","O","N"
"1226","429","A","T"
"1227","1280","O","M"
"1228","1494","A","M"
"1229","1001","M","M"
"1230","551","A","T"
"1231","345","O","T"
"1232","150","H","C"
"1233","1143","O","C"
"1234","1407","O","N"
"1235","1290","O","M"
"1236","1484","A","M"
"1237","439","A","T"
"1238","1417","O","N"
"1239","314","A","C"
"1240","541","A","T"
"1241","355","O","T"
"1242","1011","M","M"
"1243","510","O","T"
"1244","925","M","C"
"1245","682","A","M"
"1246","478","O","T"
"1247","1112","A","C"
"1248","500","O","T"
"1249","140","H","T"
"1250","1348","O","N"
"1251","572","O","T"
"1252","132","H","T"
"1253","1358","O","N"
"1254","1008","A","C"
"1255","562","O","T"
"1256","122","H","T"
"1257","337","O","C"
"1258","957","M","C"
"1259","1465","O","N"
"1260","533","A","T"
"1261","327","O","T"
"1262","1049","O","C"
"1263","523","A","T"
"1264","1475","O","N"
"1265","495","M","C"
"1266","1184","O","M"
"1267","999","A","C"
"1268","655","A","T"
"1269","614","O","C"
"1270","1703","O","N"
"1271","168","A","C"
"1272","1194","O","M"
"1273","1713","O","N"
"1274","604","O","C"
"1275","989","A","C"
"1276","645","A","T"
"1277","746","M","M"
"1278","254","H","T"
"1279","1","H","M"
"1280","1742","A","N"
"1281","1216","A","C"
"1282","1752","A","N"
"1283","794","A","T"
"1284","1837","A","N"
"1285","687","M","M"
"1286","784","A","T"
"1287","1827","A","N"
"1288","858","A","T"
"1289","1683","A","N"
"1290","1004","A","M"
"1291","823","M","M"
"1292","1876","O","N"
"1293","961","O","C"
"1294","848","A","T"
"1295","1693","A","N"
"1296","190","O","C"
"1297","971","O","C"
"1298","1866","O","N"
"1299","833","M","M"
"1300","1014","A","M"
"1301","1362","A","M"
"1302","1299","O","N"
"1303","135","O","M"
"1304","1979","O","C"
"1305","330","H","M"
"1306","164","A","M"
"1307","618","O","M"
"1308","1188","O","C"
"1309","174","A","M"
"1310","1087","A","C"
"1311","495","O","T"
"1312","103","O","M"
"1313","485","O","T"
"1314","1097","A","C"
"1315","1354","A","M"
"1316","281","A","C"
"1317","1582","O","N"
"1318","1469","A","M"
"1319","67","A","C"
"1320","316","H","M"
"1321","1511","A","M"
"1322","142","A","M"
"1323","77","A","C"
"1324","1592","O","N"
"1325","1479","A","M"
"1326","746","O","M"
"1327","1501","A","M"
"1328","572","M","C"
"1329","1811","A","N"
"1330","906","A","C"
"1331","224","A","M"
"1332","916","A","C"
"1333","1801","A","N"
"1334","1928","O","N"
"1335","1850","O","N"
"1336","1938","O","N"
"1337","815","M","M"
"1338","562","M","T"
"1339","93","O","M"
"1340","1840","O","N"
"1341","957","O","C"
"1342","1725","O","N"
"1343","632","O","C"
"1344","673","A","T"
"1345","663","A","T"
"1346","622","O","C"
"1347","1735","O","N"
"1348","94","H","T"
"1349","1348","A","C"
"1350","262","H","T"
"1351","1774","A","N"
"1352","1230","A","C"
"1353","84","H","T"
"1354","554","O","T"
"1355","114","H","T"
"1356","1295","A","M"
"1357","809","M","C"
"1358","544","O","T"
"1359","104","H","T"
"1360","279","O","T"
"1361","515","A","T"
"1362","301","O","T"
"1363","1045","M","M"
"1364","340","A","C"
"1365","269","O","T"
"1366","1117","O","C"
"1367","1453","O","N"
"1368","505","A","T"
"1369","311","O","T"
"1370","978","A","M"
"1371","1421","O","N"
"1372","1165","O","C"
"1373","577","A","T"
"1374","363","O","T"
"1375","1027","M","M"
"1376","968","A","M"
"1377","1549","O","N"
"1378","1037","M","M"
"1379","373","O","T"
"1380","189","A","M"
"1381","1175","O","C"
"1382","1431","O","N"
"1383","939","O","M"
"1384","1730","O","C"
"1385","903","M","C"
"1386","536","O","T"
"1387","176","H","T"
"1388","526","O","T"
"1389","166","H","T"
"1390","567","A","C"
"1391","1134","A","C"
"1392","2644","O","C"
"1393","210","H","T"
"1394","611","A","C"
"1395","1706","A","N"
"1396","1716","A","N"
"1397","769","A","T"
"1398","728","O","C"
"1399","712","M","M"
"1400","1747","O","N"
"1401","738","O","C"
"1402","779","A","T"
"1403","1213","O","C"
"1404","1407","A","C"
"1405","1757","O","N"
"1406","702","M","M"
"1407","1832","O","N"
"1408","1128","A","M"
"1409","1822","O","N"
"1410","1050","A","M"
"1411","877","M","M"
"1412","1179","O","M"
"1413","791","O","C"
"1414","185","A","C"
"1415","1686","O","N"
"1416","1001","O","M"
"1417","1873","A","N"
"1418","964","A","C"
"1419","478","M","C"
"1420","1169","O","M"
"1421","1863","A","N"
"1422","256","A","M"
"1423","676","M","C"
"1424","1498","O","N"
"1425","1488","O","N"
"1426","724","O","M"
"1427","666","M","C"
"1428","44","O","C"
"1429","980","O","M"
"1430","1789","O","C"
"1431","171","O","M"
"1432","1545","A","N"
"1433","1351","O","N"
"1434","1001","A","C"
"1435","1011","A","C"
"1436","1555","A","N"
"1437","1341","O","N"
"1438","974","O","M"
"1439","403","O","T"
"1440","195","O","M"
"1441","246","O","T"
"1442","925","A","M"
"1443","452","A","T"
"1444","1040","O","C"
"1445","207","A","C"
"1446","1504","O","N"
"1447","692","M","C"
"1448","1138","O","C"
"1449","1514","O","N"
"1450","217","A","C"
"1451","256","O","T"
"1452","442","A","T"
"1453","1128","O","C"
"1454","775","O","C"
"1455","1662","O","N"
"1456","734","A","T"
"1457","1897","A","N"
"1458","724","A","T"
"1459","1672","O","N"
"1460","171","A","C"
"1461","325","H","C"
"1462","1887","A","N"
"1463","1623","A","N"
"1464","130","O","C"
"1465","1633","A","N"
"1466","893","M","M"
"1467","435","M","C"
"1468","1124","O","M"
"1469","939","A","C"
"1470","1134","O","M"
"1471","373","A","M"
"1472","425","M","C"
"1473","929","A","C"
"1474","1917","O","N"
"1475","841","A","T"
"1476","942","M","M"
"1477","12","H","T"
"1478","952","M","M"
"1479","851","A","T"
"1480","810","O","C"
"1481","1907","O","N"
"1482","593","A","C"
"1483","192","H","T"
"1484","1213","A","M"
"1485","182","H","T"
"1486","4","H","T"
"1487","1242","O","M"
"1488","329","H","M"
"1489","387","O","T"
"1490","743","M","C"
"1491","1446","A","M"
"1492","1252","O","M"
"1493","601","O","M"
"1494","397","O","T"
"1495","583","A","T"
"1496","779","O","M"
"1497","489","A","T"
"1498","1434","A","M"
"1499","1220","O","M"
"1500","1424","A","M"
"1501","1230","O","M"
"1502","663","O","M"
"1503","499","A","T"
"1504","896","A","M"
"1505","1271","A","M"
"1506","823","A","T"
"1507","70","H","T"
"1508","697","A","C"
"1509","1780","A","N"
"1510","296","H","T"
"1511","930","M","M"
"1512","833","A","T"
"1513","286","H","T"
"1514","1790","A","N"
"1515","60","H","T"
"1516","1146","O","M"
"1517","301","A","M"
"1518","457","M","C"
"1519","794","M","M"
"1520","2087","O","C"
"1521","1156","O","M"
"1522","311","A","M"
"1523","687","A","T"
"1524","717","O","T"
"1525","1641","A","N"
"1526","999","M","M"
"1527","1739","A","N"
"1528","1651","A","N"
"1529","989","M","M"
"1530","1729","A","N"
"1531","77","O","M"
"1532","756","A","T"
"1533","103","A","C"
"1534","1600","O","N"
"1535","1778","O","N"
"1536","1428","A","C"
"1537","1087","O","M"
"1538","1610","O","N"
"1539","113","A","C"
"1540","347","H","C"
"1541","746","A","T"
"1542","1768","O","N"
"1543","1097","O","M"
"1544","36","A","M"
"1545","1566","O","N"
"1546","224","O","T"
"1547","430","A","T"
"1548","83","A","C"
"1549","788","M","C"
"1550","548","A","T"
"1551","1018","M","M"
"1552","420","A","T"
"1553","798","M","C"
"1554","93","A","C"
"1555","1289","O","M"
"1556","1576","O","N"
"1557","275","A","C"
"1558","1008","M","M"
"1559","1527","A","N"
"1560","1333","O","N"
"1561","1063","A","C"
"1562","509","O","T"
"1563","149","H","T"
"1564","461","O","T"
"1565","1537","A","N"
"1566","1323","O","N"
"1567","519","O","T"
"1568","159","H","T"
"1569","263","H","T"
"1570","85","H","T"
"1571","1775","A","N"
"1572","1765","A","N"
"1573","95","H","T"
"1574","273","H","T"
"1575","1359","A","C"
"1576","662","A","T"
"1577","1734","O","N"
"1578","633","O","C"
"1579","1724","O","N"
"1580","771","M","M"
"1581","672","A","T"
"1582","1452","O","N"
"1583","1116","O","C"
"1584","310","O","T"
"1585","504","A","T"
"1586","407","M","M"
"1587","229","A","C"
"1588","268","O","T"
"1589","1044","M","M"
"1590","300","O","T"
"1591","1442","O","N"
"1592","278","O","T"
"1593","105","H","T"
"1594","1294","A","M"
"1595","115","H","T"
"1596","555","O","T"
"1597","818","M","C"
"1598","1284","A","M"
"1599","153","A","M"
"1600","1500","A","M"
"1601","747","O","M"
"1602","1478","A","M"
"1603","290","A","C"
"1604","1593","O","N"
"1605","1510","A","M"
"1606","1468","A","M"
"1607","1583","O","N"
"1608","1355","A","M"
"1609","484","O","T"
"1610","37","O","C"
"1611","1096","A","C"
"1612","102","O","M"
"1613","1345","A","M"
"1614","1086","A","C"
"1615","1288","A","C"
"1616","1841","O","N"
"1617","1939","O","N"
"1618","1851","O","N"
"1619","946","O","C"
"1620","1023","A","M"
"1621","804","M","M"
"1622","1929","O","N"
"1623","235","A","M"
"1624","1800","A","N"
"1625","907","A","C"
"1626","1810","A","N"
"1627","1862","A","N"
"1628","501","M","C"
"1629","975","A","C"
"1630","1010","O","M"
"1631","479","M","C"
"1632","194","A","C"
"1633","780","O","C"
"1634","1697","O","N"
"1635","1168","O","M"
"1636","1000","O","M"
"1637","1872","A","N"
"1638","511","M","C"
"1639","184","A","C"
"1640","469","M","C"
"1641","934","O","C"
"1642","1823","O","N"
"1643","1051","A","M"
"1644","1129","A","M"
"1645","1041","A","M"
"1646","1833","O","N"
"1647","1382","A","C"
"1648","170","O","M"
"1649","991","O","M"
"1650","55","O","C"
"1651","1327","A","M"
"1652","1489","O","N"
"1653","677","M","C"
"1654","121","A","M"
"1655","1499","O","N"
"1656","167","H","T"
"1657","527","O","T"
"1658","928","O","M"
"1659","902","M","C"
"1660","537","O","T"
"1661","938","O","M"
"1662","372","O","T"
"1663","566","A","T"
"1664","1036","M","M"
"1665","465","M","M"
"1666","1430","O","N"
"1667","1174","O","C"
"1668","188","A","M"
"1669","969","A","M"
"1670","1548","O","N"
"1671","323","A","C"
"1672","1420","O","N"
"1673","198","A","M"
"1674","1026","M","M"
"1675","475","M","M"
"1676","576","A","T"
"1677","2376","O","C"
"1678","1756","O","N"
"1679","1406","A","C"
"1680","703","M","M"
"1681","739","O","C"
"1682","610","A","T"
"1683","1746","O","N"
"1684","768","A","T"
"1685","729","O","C"
"1686","1717","A","N"
"1687","49","O","M"
"1688","201","H","T"
"1689","778","A","C"
"1690","211","H","T"
"1691","1707","A","N"
"1692","1243","A","C"
"1693","969","O","C"
"1694","188","O","C"
"1695","850","A","T"
"1696","953","M","M"
"1697","1906","O","N"
"1698","979","O","C"
"1699","13","H","T"
"1700","1916","O","N"
"1701","943","M","M"
"1702","840","A","T"
"1703","928","A","C"
"1704","372","A","M"
"1705","938","A","C"
"1706","582","A","T"
"1707","396","O","T"
"1708","338","H","M"
"1709","742","M","C"
"1710","1253","O","M"
"1711","1447","A","M"
"1712","592","A","T"
"1713","386","O","T"
"1714","1243","O","M"
"1715","5","H","T"
"1716","1457","A","M"
"1717","1212","A","M"
"1718","193","H","T"
"1719","1202","A","M"
"1720","18","O","C"
"1721","1129","O","C"
"1722","1051","O","C"
"1723","1515","O","N"
"1724","443","A","T"
"1725","257","O","T"
"1726","453","A","T"
"1727","247","O","T"
"1728","1505","O","N"
"1729","206","A","C"
"1730","1340","O","N"
"1731","713","O","N"
"1732","1554","A","N"
"1733","1010","A","C"
"1734","402","O","T"
"1735","975","O","M"
"1736","412","O","T"
"1737","1000","A","C"
"1738","1544","A","N"
"1739","892","M","M"
"1740","1632","A","N"
"1741","1366","A","C"
"1742","1622","A","N"
"1743","55","A","M"
"1744","1886","A","N"
"1745","991","A","C"
"1746","725","A","T"
"1747","324","H","C"
"1748","1673","O","N"
"1749","45","A","M"
"1750","981","A","C"
"1751","1896","A","N"
"1752","334","H","C"
"1753","1663","O","N"
"1754","774","O","C"
"1755","735","A","T"
"1756","1096","O","M"
"1757","1769","O","N"
"1758","346","H","C"
"1759","1611","O","N"
"1760","1086","O","M"
"1761","1429","A","C"
"1762","1779","O","N"
"1763","1601","O","N"
"1764","102","A","C"
"1765","1728","A","N"
"1766","988","M","M"
"1767","1650","A","N"
"1768","1314","A","C"
"1769","66","O","M"
"1770","1738","A","N"
"1771","998","M","M"
"1772","1304","A","C"
"1773","757","A","C"
"1774","1640","A","N"
"1775","518","O","T"
"1776","460","O","T"
"1777","917","O","M"
"1778","855","M","C"
"1779","1322","O","N"
"1780","1536","A","N"
"1781","1072","A","C"
"1782","148","H","T"
"1783","508","O","T"
"1784","1062","A","C"
"1785","1332","O","N"
"1786","845","M","C"
"1787","1526","A","N"
"1788","470","O","T"
"1789","559","A","T"
"1790","1009","M","M"
"1791","799","M","C"
"1792","421","A","T"
"1793","235","O","T"
"1794","274","A","C"
"1795","1577","O","N"
"1796","1288","O","M"
"1797","1019","M","M"
"1798","549","A","T"
"1799","1567","O","N"
"1800","264","A","C"
"1801","82","A","C"
"1802","431","A","T"
"1803","225","O","T"
"1804","1231","O","M"
"1805","1425","A","M"
"1806","498","A","T"
"1807","488","A","T"
"1808","672","O","M"
"1809","1221","O","M"
"1810","1435","A","M"
"1811","686","A","T"
"1812","300","A","M"
"1813","1147","O","M"
"1814","456","M","C"
"1815","287","H","T"
"1816","61","H","T"
"1817","1791","A","N"
"1818","849","M","M"
"1819","832","A","T"
"1820","1116","A","M"
"1821","446","M","T"
"1822","1781","A","N"
"1823","71","H","T"
"1824","859","M","M"
"1825","297","H","T"
"1826","822","A","T"
"1827","799","O","C"
"1828","1171","O","M"
"1829","460","M","C"
"1830","1903","A","N"
"1831","470","M","C"
"1832","789","O","C"
"1833","47","H","T"
"1834","518","M","T"
"1835","814","A","T"
"1836","1942","O","N"
"1837","57","H","T"
"1838","1058","A","M"
"1839","1952","O","N"
"1840","907","M","M"
"1841","587","O","T"
"1842","393","A","T"
"1843","1256","A","M"
"1844","383","A","T"
"1845","998","O","M"
"1846","1490","O","N"
"1847","1217","O","M"
"1848","1480","O","N"
"1849","597","O","C"
"1850","1207","O","M"
"1851","1413","A","M"
"1852","1397","A","M"
"1853","1054","A","C"
"1854","1304","O","N"
"1855","873","M","C"
"1856","446","O","T"
"1857","456","O","T"
"1858","863","M","C"
"1859","1314","O","N"
"1860","1429","O","N"
"1861","1551","O","N"
"1862","252","A","C"
"1863","407","A","T"
"1864","213","O","T"
"1865","970","A","M"
"1866","1439","O","N"
"1867","417","A","T"
"1868","1541","O","N"
"1869","761","A","T"
"1870","1637","O","N"
"1871","648","O","C"
"1872","609","A","T"
"1873","730","O","C"
"1874","1627","O","N"
"1875","672","M","M"
"1876","771","A","T"
"1877","1883","O","N"
"1878","218","H","T"
"1879","994","O","C"
"1880","1676","A","N"
"1881","208","H","T"
"1882","1893","O","N"
"1883","1666","A","N"
"1884","165","O","C"
"1885","1093","A","M"
"1886","396","M","C"
"1887","117","O","C"
"1888","1614","A","N"
"1889","1238","A","C"
"1890","1604","A","N"
"1891","1340","A","C"
"1892","73","A","M"
"1893","302","H","C"
"1894","1655","O","N"
"1895","742","O","C"
"1896","703","A","T"
"1897","768","M","M"
"1898","713","A","T"
"1899","752","O","C"
"1900","146","A","C"
"1901","1645","O","N"
"1902","309","O","T"
"1903","465","A","T"
"1904","566","M","M"
"1905","1533","O","N"
"1906","319","O","T"
"1907","220","A","C"
"1908","1523","O","N"
"1909","475","A","T"
"1910","261","O","T"
"1911","902","A","M"
"1912","97","O","C"
"1913","424","O","T"
"1914","1036","A","C"
"1915","811","M","C"
"1916","1366","O","N"
"1917","1572","A","N"
"1918","1376","O","N"
"1919","1562","A","N"
"1920","1026","A","C"
"1921","87","O","C"
"1922","434","O","T"
"1923","943","O","M"
"1924","1519","A","M"
"1925","1275","O","M"
"1926","1461","A","M"
"1927","764","M","C"
"1928","1265","O","M"
"1929","1471","A","M"
"1930","299","A","C"
"1931","1234","A","M"
"1932","1224","A","M"
"1933","1858","O","N"
"1934","25","H","T"
"1935","1920","O","N"
"1936","975","M","M"
"1937","876","A","T"
"1938","1281","A","C"
"1939","866","A","T"
"1940","965","M","M"
"1941","1930","O","N"
"1942","827","O","C"
"1943","1819","A","N"
"1944","683","O","C"
"1945","1794","O","N"
"1946","402","M","C"
"1947","354","A","M"
"1948","1784","O","N"
"1949","693","O","C"
"1950","1809","A","N"
"1951","1103","O","M"
"1952","412","M","C"
"1953","1420","A","C"
"1954","1770","O","N"
"1955","1608","O","N"
"1956","1760","O","N"
"1957","677","O","C"
"1958","735","M","M"
"1959","1618","O","N"
"1960","227","H","T"
"1961","1731","A","N"
"1962","1275","A","C"
"1963","991","M","M"
"1964","892","A","T"
"1965","1649","A","N"
"1966","299","O","M"
"1967","1721","A","N"
"1968","237","H","T"
"1969","882","A","T"
"1970","981","M","M"
"1971","1659","A","N"
"1972","141","H","T"
"1973","501","O","T"
"1974","151","H","T"
"1975","511","O","T"
"1976","1103","A","C"
"1977","469","O","T"
"1978","1416","O","N"
"1979","1010","M","M"
"1980","443","M","M"
"1981","354","O","T"
"1982","540","A","T"
"1983","1485","A","M"
"1984","1291","O","M"
"1985","438","A","T"
"1986","344","O","T"
"1987","550","A","T"
"1988","1000","M","M"
"1989","1406","O","N"
"1990","1142","O","C"
"1991","305","A","C"
"1992","428","A","T"
"1993","1495","A","M"
"1994","1281","O","M"
"1995","156","O","M"
"1996","1596","A","N"
"1997","1382","O","N"
"1998","1301","A","M"
"1999","1586","A","N"
"2000","1392","O","N"
"2001","117","A","M"
"2002","703","O","M"
"2003","295","O","T"
"2004","481","A","T"
"2005","739","M","C"
"2006","1228","O","M"
"2007","107","A","M"
"2008","651","M","C"
"2009","1238","O","M"
"2010","285","O","T"
"2011","491","A","T"
"2012","729","M","C"
"2013","1844","A","N"
"2014","527","M","C"
"2015","1854","A","N"
"2016","537","M","C"
"2017","87","A","M"
"2018","1489","A","C"
"2019","1026","O","M"
"2020","1788","A","N"
"2021","78","H","T"
"2022","850","M","M"
"2023","1805","O","N"
"2024","1815","O","N"
"2025","68","H","T"
"2026","1798","A","N"
"2027","840","M","M"
"2028","938","M","M"
"2029","1867","O","N"
"2030","970","O","C"
"2031","191","O","C"
"2032","785","A","C"
"2033","1692","A","N"
"2034","849","A","T"
"2035","1005","A","M"
"2036","1877","O","N"
"2037","1682","A","N"
"2038","859","A","T"
"2039","818","O","C"
"2040","1826","A","N"
"2041","1054","O","M"
"2042","808","O","T"
"2043","1836","A","N"
"2044","555","M","C"
"2045","921","A","C"
"2046","795","A","T"
"2047","1189","O","C"
"2048","321","H","M"
"2049","165","A","M"
"2050","771","O","M"
"2051","331","H","M"
"2052","134","O","M"
"2053","1298","O","N"
"2054","124","O","M"
"2055","1363","A","M"
"2056","336","O","T"
"2057","522","A","T"
"2058","1474","O","N"
"2059","1464","O","N"
"2060","532","A","T"
"2061","549","M","M"
"2062","123","H","T"
"2063","563","O","T"
"2064","956","M","C"
"2065","1359","O","N"
"2066","1775","O","C"
"2067","133","H","T"
"2068","573","O","T"
"2069","1349","O","N"
"2070","1753","A","N"
"2071","245","H","T"
"2072","255","H","T"
"2073","1207","A","C"
"2074","1743","A","N"
"2075","605","O","C"
"2076","1712","O","N"
"2077","747","M","M"
"2078","644","A","T"
"2079","988","A","C"
"2080","1195","O","M"
"2081","484","M","C"
"2082","654","A","T"
"2083","757","M","M"
"2084","998","A","C"
"2085","1702","O","N"
"2086","921","M","C"
"2087","1106","A","C"
"2088","514","O","T"
"2089","696","A","M"
"2090","144","H","T"
"2091","504","O","T"
"2092","931","M","C"
"2093","1403","O","N"
"2094","1005","M","M"
"2095","341","O","T"
"2096","555","A","T"
"2097","278","A","C"
"2098","1490","A","M"
"2099","1284","O","M"
"2100","795","M","C"
"2101","239","O","T"
"2102","351","O","T"
"2103","545","A","T"
"2104","1015","M","M"
"2105","1413","O","N"
"2106","1157","O","C"
"2107","310","A","C"
"2108","785","M","C"
"2109","229","O","T"
"2110","268","A","C"
"2111","1480","A","M"
"2112","1294","O","M"
"2113","730","M","M"
"2114","1765","O","N"
"2115","648","M","M"
"2116","1775","O","N"
"2117","623","A","T"
"2118","897","A","C"
"2119","232","H","T"
"2120","1724","A","N"
"2121","1260","A","C"
"2122","984","M","M"
"2123","887","A","T"
"2124","1318","A","C"
"2125","1270","A","C"
"2126","1734","A","N"
"2127","222","H","T"
"2128","994","M","M"
"2129","1308","A","C"
"2130","1023","O","M"
"2131","946","A","C"
"2132","1851","A","N"
"2133","532","M","C"
"2134","789","M","M"
"2135","1841","A","N"
"2136","522","M","C"
"2137","92","A","M"
"2138","1033","O","M"
"2139","1810","O","N"
"2140","1800","O","N"
"2141","143","O","M"
"2142","1583","A","N"
"2143","1397","O","N"
"2144","1593","A","N"
"2145","1387","O","N"
"2146","76","O","C"
"2147","654","M","C"
"2148","280","O","T"
"2149","494","A","T"
"2150","112","A","M"
"2151","706","O","M"
"2152","1877","O","C"
"2153","1439","A","M"
"2154","290","O","T"
"2155","484","A","T"
"2156","1805","O","C"
"2157","170","A","M"
"2158","764","O","M"
"2159","9","H","T"
"2160","121","O","M"
"2161","131","O","M"
"2162","1376","A","M"
"2163","14","O","C"
"2164","1872","O","N"
"2165","184","O","C"
"2166","1687","A","N"
"2167","837","M","M"
"2168","1862","O","N"
"2169","1697","A","N"
"2170","194","O","C"
"2171","438","M","T"
"2172","924","A","C"
"2173","1833","A","N"
"2174","550","M","C"
"2175","1041","O","M"
"2176","428","M","C"
"2177","790","A","T"
"2178","693","M","M"
"2179","1139","O","M"
"2180","216","A","M"
"2181","1823","A","N"
"2182","540","M","C"
"2183","934","A","C"
"2184","780","A","T"
"2185","1746","A","N"
"2186","250","H","T"
"2187","1697","M","C"
"2188","240","H","T"
"2189","1756","A","N"
"2190","610","O","C"
"2191","1707","O","N"
"2192","752","M","M"
"2193","651","A","T"
"2194","59","A","M"
"2195","328","H","C"
"2196","768","O","C"
"2197","729","A","T"
"2198","491","M","C"
"2199","1717","O","N"
"2200","739","A","T"
"2201","481","M","C"
"2202","1190","O","M"
"2203","778","O","C"
"2204","323","O","T"
"2205","537","A","T"
"2206","362","A","C"
"2207","1461","O","N"
"2208","1519","O","N"
"2209","1471","O","N"
"2210","1135","O","C"
"2211","333","O","T"
"2212","527","A","T"
"2213","1509","O","N"
"2214","136","H","T"
"2215","801","O","M"
"2216","576","O","T"
"2217","198","O","M"
"2218","1558","A","N"
"2219","126","H","T"
"2220","811","O","M"
"2221","566","O","T"
"2222","1548","A","N"
"2223","386","A","T"
"2224","582","O","T"
"2225","396","A","T"
"2226","600","A","M"
"2227","592","O","C"
"2228","1485","O","N"
"2229","713","M","C"
"2230","651","O","M"
"2231","1202","O","M"
"2232","1416","A","M"
"2233","1495","O","N"
"2234","1212","O","M"
"2235","1930","O","C"
"2236","979","A","C"
"2237","1164","O","M"
"2238","333","A","M"
"2239","52","H","T"
"2240","801","A","T"
"2241","1125","A","M"
"2242","840","O","C"
"2243","1957","O","N"
"2244","42","H","T"
"2245","1947","O","N"
"2246","811","A","T"
"2247","1135","A","M"
"2248","912","M","M"
"2249","774","A","T"
"2250","1622","O","N"
"2251","735","O","C"
"2252","131","A","C"
"2253","1632","O","N"
"2254","764","A","T"
"2255","1896","O","N"
"2256","981","O","C"
"2257","1663","A","N"
"2258","1886","O","N"
"2259","1673","A","N"
"2260","1337","A","C"
"2261","725","O","T"
"2262","1311","O","N"
"2263","924","O","M"
"2264","1392","A","M"
"2265","443","O","T"
"2266","1301","O","N"
"2267","1178","O","C"
"2268","1544","O","N"
"2269","247","A","C"
"2270","412","A","T"
"2271","965","A","M"
"2272","206","O","T"
"2273","402","A","T"
"2274","216","O","T"
"2275","257","A","C"
"2276","1554","O","N"
"2277","1883","O","C"
"2278","508","A","T"
"2279","470","A","T"
"2280","264","O","T"
"2281","1526","O","N"
"2282","1062","O","C"
"2283","518","A","T"
"2284","1536","O","N"
"2285","563","M","M"
"2286","460","A","T"
"2287","917","A","M"
"2288","109","H","T"
"2289","549","O","T"
"2290","431","O","T"
"2291","1373","O","N"
"2292","1567","A","N"
"2293","1298","A","M"
"2294","119","H","T"
"2295","559","O","T"
"2296","814","M","C"
"2297","1363","O","N"
"2298","1577","A","N"
"2299","421","O","T"
"2300","956","O","M"
"2301","1779","A","N"
"2302","89","H","T"
"2303","27","O","M"
"2304","716","A","C"
"2305","1601","A","N"
"2306","393","M","C"
"2307","99","H","T"
"2308","1769","A","N"
"2309","1611","A","N"
"2310","112","O","C"
"2311","1738","O","N"
"2312","66","A","M"
"2313","1640","O","N"
"2314","757","O","C"
"2315","1728","O","N"
"2316","706","A","T"
"2317","1650","O","N"
"2318","30","H","T"
"2319","822","O","C"
"2320","1935","O","N"
"2321","960","M","M"
"2322","863","A","T"
"2323","20","H","T"
"2324","808","M","M"
"2325","873","A","T"
"2326","970","M","M"
"2327","1925","O","N"
"2328","832","O","C"
"2329","696","O","C"
"2330","1781","O","N"
"2331","239","A","M"
"2332","417","M","C"
"2333","341","A","M"
"2334","1106","O","M"
"2335","1791","O","N"
"2336","686","O","C"
"2337","351","A","M"
"2338","1260","O","M"
"2339","1474","A","M"
"2340","761","M","C"
"2341","623","O","M"
"2342","1270","O","M"
"2343","1464","A","M"
"2344","1221","A","M"
"2345","1349","A","M"
"2346","498","O","T"
"2347","1231","A","M"
"2348","597","A","T"
"2349","383","O","T"
"2350","1185","O","C"
"2351","615","O","M"
"2352","1246","O","M"
"2353","1452","A","M"
"2354","169","A","M"
"2355","587","A","T"
"2356","393","O","T"
"2357","1256","O","M"
"2358","1442","A","M"
"2359","196","H","T"
"2360","138","O","M"
"2361","186","H","T"
"2362","1217","A","M"
"2363","16","H","T"
"2364","1019","A","M"
"2365","845","A","T"
"2366","946","M","M"
"2367","1913","O","N"
"2368","804","O","C"
"2369","814","O","C"
"2370","1903","O","N"
"2371","855","A","T"
"2372","1058","O","M"
"2373","367","A","M"
"2374","1120","O","M"
"2375","431","M","C"
"2376","789","A","T"
"2377","559","M","C"
"2378","1048","O","M"
"2379","421","M","C"
"2380","799","A","T"
"2381","377","A","M"
"2382","1130","O","M"
"2383","249","H","T"
"2384","887","M","M"
"2385","1627","A","N"
"2386","897","M","M"
"2387","259","H","T"
"2388","1637","A","N"
"2389","40","A","M"
"2390","648","A","T"
"2391","1893","A","N"
"2392","984","A","C"
"2393","730","A","T"
"2394","488","M","C"
"2395","1199","O","M"
"2396","1666","O","N"
"2397","619","O","C"
"2398","50","A","M"
"2399","658","A","T"
"2400","994","A","C"
"2401","1883","A","N"
"2402","1676","O","N"
"2403","761","O","C"
"2404","175","A","C"
"2405","1478","O","N"
"2406","696","M","C"
"2407","203","A","C"
"2408","1500","O","N"
"2409","456","A","T"
"2410","242","O","T"
"2411","686","M","C"
"2412","1468","O","N"
"2413","1015","A","T"
"2414","446","A","T"
"2415","252","O","T"
"2416","545","M","M"
"2417","1510","O","N"
"2418","213","A","C"
"2419","822","M","C"
"2420","1355","O","N"
"2421","1541","A","N"
"2422","417","O","T"
"2423","960","O","M"
"2424","407","O","T"
"2425","1345","O","N"
"2426","832","M","C"
"2427","1551","A","N"
"2428","1337","O","N"
"2429","1523","A","N"
"2430","1067","A","C"
"2431","928","M","C"
"2432","1077","A","C"
"2433","1327","O","N"
"2434","1533","A","N"
"2435","465","O","T"
"2436","912","O","M"
"2437","358","O","T"
"2438","319","A","C"
"2439","434","A","T"
"2440","220","O","T"
"2441","261","A","C"
"2442","475","O","C"
"2443","1562","O","N"
"2444","348","O","T"
"2445","1572","O","N"
"2446","1036","O","C"
"2447","1499","A","M"
"2448","97","A","C"
"2449","424","A","T"
"2450","230","O","T"
"2451","1083","O","M"
"2452","1604","O","N"
"2453","32","A","M"
"2454","1093","O","M"
"2455","742","A","T"
"2456","343","H","C"
"2457","1614","O","N"
"2458","1279","A","C"
"2459","1645","A","N"
"2460","146","O","C"
"2461","1311","A","C"
"2462","1655","A","N"
"2463","1848","A","N"
"2464","693","A","T"
"2465","790","M","M"
"2466","453","M","C"
"2467","1858","A","N"
"2468","780","M","M"
"2469","683","A","T"
"2470","315","A","M"
"2471","1152","O","M"
"2472","1809","O","N"
"2473","74","H","T"
"2474","1784","A","N"
"2475","827","A","T"
"2476","1794","A","N"
"2477","64","H","T"
"2478","1819","O","N"
"2479","282","H","T"
"2480","934","M","M"
"2481","837","A","T"
"2482","1113","A","M"
"2483","1961","O","N"
"2484","434","M","N"
"2485","1224","O","M"
"2486","1430","A","M"
"2487","289","O","T"
"2488","725","M","C"
"2489","667","O","M"
"2490","1234","O","M"
"2491","1447","O","N"
"2492","344","A","C"
"2493","305","O","T"
"2494","511","A","T"
"2495","1041","M","M"
"2496","469","A","T"
"2497","315","O","T"
"2498","501","A","T"
"2499","1113","O","C"
"2500","286B","O","T"
"2501","1457","O","N"
"2502","479","A","T"
"2503","550","O","T"
"2504","428","O","T"
"2505","100","H","T"
"2506","837","O","M"
"2507","540","O","T"
"2508","438","O","T"
"2509","1291","A","M"
"2510","276","H","T"
"2511","90","H","T"
"2512","1760","A","N"
"2513","1618","A","N"
"2514","1770","A","N"
"2515","80","H","T"
"2516","266","H","T"
"2517","1608","A","N"
"2518","677","A","T"
"2519","774","M","M"
"2520","1721","O","N"
"2521","1659","O","N"
"2522","626","O","C"
"2523","1731","O","N"
"2524","667","A","T"
"2525","1649","O","N"
"2526","2067","O","C"
"2527","29","H","T"
"2528","801","M","M"
"2529","1854","O","N"
"2530","979","M","M"
"2531","1844","O","N"
"2532","953","O","C"
"2533","39","H","T"
"2534","969","M","M"
"2535","1798","O","N"
"2536","1067","O","M"
"2537","1815","A","N"
"2538","358","A","M"
"2539","912","A","C"
"2540","1805","A","N"
"2541","1788","O","N"
"2542","1077","O","M"
"2543","230","A","M"
"2544","348","A","M"
"2545","1515","A","M"
"2546","63","A","C"
"2547","1279","O","M"
"2548","285","A","C"
"2549","1586","O","N"
"2550","1505","A","M"
"2551","1269","O","M"
"2552","1596","O","N"
"2553","778","M","C"
"2554","491","O","T"
"2555","1350","A","M"
"2556","1228","A","M"
"2557","481","O","T"
"2558","1322","A","M"
"2559","984","O","M"
"2560","40","O","C"
"2561","175","O","M"
"2562","1332","A","M"
"2563","2676","M","C"
"2564","124","A","M"
"2565","662","M","C"
"2566","1877","A","N"
"2567","514","M","C"
"2568","960","A","C"
"2569","242","A","M"
"2570","1682","O","N"
"2571","1015","O","M"
"2572","1867","A","N"
"2573","504","M","C"
"2574","191","A","C"
"2575","785","O","C"
"2576","921","O","C"
"2577","1836","O","N"
"2578","1044","A","M"
"2579","795","O","T"
"2580","1387","A","C"
"2581","818","A","T"
"2582","1826","O","N"
"2583","808","A","T"
"2584","1743","O","N"
"2585","654","O","C"
"2586","615","A","T"
"2587","138","A","C"
"2588","706","M","M"
"2589","1403","A","C"
"2590","644","O","C"
"2591","1753","O","N"
"2592","1246","A","C"
"2593","1702","A","N"
"2594","214","H","T"
"2595","988","O","C"
"2596","204","H","T"
"2597","1712","A","N"
"2598","605","A","C"
"2599","169","O","C"
"2600","172","H","T"
"2601","845","O","M"
"2602","532","O","T"
"2603","1734","O","C"
"2604","1308","O","N"
"2605","917","M","C"
"2606","1130","A","C"
"2607","377","O","C"
"2608","162","H","T"
"2609","522","O","T"
"2610","1048","A","C"
"2611","1318","O","N"
"2612","367","O","T"
"2613","573","A","T"
"2614","1023","M","M"
"2615","1425","O","N"
"2616","1161","O","C"
"2617","1019","O","C"
"2618","336","A","C"
"2619","1435","O","N"
"2620","1033","M","M"
"2621","1009","O","C"
"2622","760","O","C"
"2623","1677","O","N"
"2624","499","M","C"
"2625","721","A","T"
"2626","1882","A","N"
"2627","995","A","C"
"2628","659","A","T"
"2629","51","A","M"
"2630","731","A","T"
"2631","1667","O","N"
"2632","770","O","C"
"2633","1198","O","M"
"2634","985","A","C"
"2635","1892","A","N"
"2636","649","A","T"
"2637","41","A","M"
"2638","1636","A","N"
"2639","1372","A","C"
"2640","896","M","M"
"2641","258","H","T"
"2642","1576","O","C"
"2643","125","O","C"
"2644","1626","A","N"
"2645","248","H","T"
"2646","886","M","M"
"2647","406","O","T"
"2648","1550","A","N"
"2649","1344","O","N"
"2650","1540","A","N"
"2651","1354","O","N"
"2652","416","O","T"
"2653","819","O","M"
"2654","544","M","M"
"2655","930","A","M"
"2656","253","O","T"
"2657","447","A","T"
"2658","1055","O","C"
"2659","212","A","C"
"2660","1469","O","N"
"2661","1501","O","N"
"2662","1045","O","C"
"2663","202","A","C"
"2664","243","O","T"
"2665","920","A","M"
"2666","457","A","T"
"2667","554","M","M"
"2668","1479","O","N"
"2669","697","M","C"
"2670","129","O","M"
"2671","1206","A","M"
"2672","1443","A","M"
"2673","1257","O","M"
"2674","1975","O","C"
"2675","392","O","T"
"2676","586","A","T"
"2677","485","M","M"
"2678","1453","A","M"
"2679","1247","O","M"
"2680","382","O","T"
"2681","596","A","T"
"2682","178","A","M"
"2683","197","H","C"
"2684","798","A","T"
"2685","420","M","C"
"2686","1131","O","M"
"2687","558","M","C"
"2688","1121","O","M"
"2689","366","A","M"
"2690","788","A","T"
"2691","430","M","C"
"2692","1059","O","M"
"2693","548","M","C"
"2694","1902","O","N"
"2695","815","O","C"
"2696","854","A","T"
"2697","947","M","M"
"2698","844","A","T"
"2699","805","O","C"
"2700","1912","O","N"
"2701","17","H","T"
"2702","836","A","T"
"2703","935","M","M"
"2704","1960","O","N"
"2705","65","H","T"
"2706","1795","A","N"
"2707","283","H","T"
"2708","1818","O","N"
"2709","1102","A","M"
"2710","826","A","T"
"2711","1808","O","N"
"2712","293","H","T"
"2713","1785","A","N"
"2714","75","H","T"
"2715","1153","O","M"
"2716","781","M","M"
"2717","1859","A","N"
"2718","452","M","C"
"2719","304","A","M"
"2720","791","M","M"
"2721","692","A","T"
"2722","1849","A","N"
"2723","724","M","C"
"2724","288","O","T"
"2725","1421","A","M"
"2726","1235","O","M"
"2727","666","O","M"
"2728","298","O","T"
"2729","1274","A","M"
"2730","1264","A","M"
"2731","1498","A","M"
"2732","1037","O","C"
"2733","270","A","C"
"2734","1573","O","N"
"2735","231","O","T"
"2736","425","A","T"
"2737","308","A","C"
"2738","349","O","T"
"2739","942","A","M"
"2740","221","O","T"
"2741","435","A","T"
"2742","536","M","M"
"2743","86","A","C"
"2744","1488","A","M"
"2745","1563","O","N"
"2746","359","O","T"
"2747","1532","A","N"
"2748","1326","O","N"
"2749","913","O","M"
"2750","464","O","T"
"2751","474","O","T"
"2752","1522","A","N"
"2753","1336","O","N"
"2754","1654","A","N"
"2755","1300","A","C"
"2756","1644","A","N"
"2757","1278","A","C"
"2758","62","O","M"
"2759","743","A","T"
"2760","116","A","C"
"2761","702","O","C"
"2762","1615","O","N"
"2763","1092","O","M"
"2764","1605","O","N"
"2765","106","A","C"
"2766","712","O","C"
"2767","753","A","T"
"2768","650","M","M"
"2769","1082","O","M"
"2770","728","M","M"
"2771","349","A","M"
"2772","567","M","C"
"2773","1804","A","N"
"2774","231","A","M"
"2775","1789","O","N"
"2776","359","A","M"
"2777","1799","O","N"
"2778","1814","A","N"
"2779","1845","O","N"
"2780","810","M","M"
"2781","978","M","M"
"2782","800","M","M"
"2783","28","H","T"
"2784","1855","O","N"
"2785","942","O","C"
"2786","1686","O","C"
"2787","480","O","T"
"2788","1351","A","M"
"2789","23","O","C"
"2790","490","O","T"
"2791","1082","A","C"
"2792","1239","A","M"
"2793","1341","A","M"
"2794","1597","O","N"
"2795","1268","O","M"
"2796","779","M","C"
"2797","1504","A","M"
"2798","157","A","M"
"2799","769","M","C"
"2800","284","A","C"
"2801","1278","O","M"
"2802","1514","A","M"
"2803","147","A","M"
"2804","439","O","T"
"2805","541","O","T"
"2806","101","H","T"
"2807","551","O","T"
"2808","111","H","T"
"2809","478","A","T"
"2810","500","A","T"
"2811","314","O","T"
"2812","1456","O","N"
"2813","355","A","C"
"2814","429","O","C"
"2815","1446","O","N"
"2816","1040","M","M"
"2817","304","O","T"
"2818","1648","O","N"
"2819","1730","O","N"
"2820","627","O","C"
"2821","666","A","T"
"2822","765","M","M"
"2823","1658","O","N"
"2824","676","A","T"
"2825","637","O","C"
"2826","1609","A","N"
"2827","1771","A","N"
"2828","267","H","T"
"2829","1619","A","N"
"2830","277","H","T"
"2831","1761","A","N"
"2832","1225","A","C"
"2833","91","H","T"
"2834","1257","A","C"
"2835","1703","A","N"
"2836","999","O","C"
"2837","215","H","T"
"2838","1752","O","N"
"2839","645","O","C"
"2840","1402","A","C"
"2841","139","A","C"
"2842","596","O","M"
"2843","655","O","C"
"2844","1742","O","N"
"2845","717","M","M"
"2846","614","A","T"
"2847","798","O","M"
"2848","1434","O","N"
"2849","337","A","C"
"2850","376","O","T"
"2851","509","M","M"
"2852","1022","M","M"
"2853","366","O","T"
"2854","788","O","M"
"2855","1160","O","C"
"2856","1424","O","N"
"2857","1319","O","N"
"2858","1131","A","C"
"2859","916","M","C"
"2860","523","O","T"
"2861","163","H","T"
"2862","1309","O","N"
"2863","533","O","T"
"2864","173","H","T"
"2865","906","M","C"
"2866","572","A","C"
"2867","1121","A","C"
"2868","1928","O","C"
"2869","663","M","C"
"2870","135","A","M"
"2871","673","M","C"
"2872","1333","A","M"
"2873","174","O","M"
"2874","41","O","C"
"2875","164","O","M"
"2876","809","A","T"
"2877","1396","A","C"
"2878","930","O","C"
"2879","1827","O","N"
"2880","819","A","T"
"2881","1386","A","C"
"2882","1837","O","N"
"2883","920","O","C"
"2884","1045","A","M"
"2885","862","M","M"
"2886","784","O","C"
"2887","1693","O","N"
"2888","1014","O","M"
"2889","1866","A","N"
"2890","971","A","C"
"2891","1683","O","N"
"2892","794","O","C"
"2893","961","A","C"
"2894","1876","A","N"
"2895","243","A","M"
"2896","1004","O","M"
"2897","558","A","M"
"2898","1801","O","N"
"2899","916","O","C"
"2900","1073","A","M"
"2901","854","M","M"
"2902","844","M","M"
"2903","533","M","T"
"2904","1811","O","N"
"2905","957","A","C"
"2906","523","M","C"
"2907","1840","A","N"
"2908","1032","O","M"
"2909","265","A","M"
"2910","1022","O","M"
"2911","1850","A","N"
"2912","947","A","C"
"2913","1438","A","M"
"2914","485","A","T"
"2915","291","O","T"
"2916","495","A","T"
"2917","281","O","T"
"2918","1386","O","N"
"2919","1592","A","N"
"2920","67","O","C"
"2921","1396","O","N"
"2922","1582","A","N"
"2923","1305","A","M"
"2924","142","O","M"
"2925","228","O","T"
"2926","784","M","C"
"2927","1295","O","M"
"2928","1481","A","M"
"2929","269","A","C"
"2930","447","M","M"
"2931","1014","M","M"
"2932","544","A","T"
"2933","350","O","T"
"2934","1285","O","M"
"2935","1491","A","M"
"2936","279","A","C"
"2937","238","O","T"
"2938","1402","O","N"
"2939","1107","A","T"
"2940","554","A","T"
"2941","340","O","T"
"2942","1004","M","M"
"2943","848","M","C"
"2944","505","O","T"
"2945","145","H","T"
"2946","1117","A","C"
"2947","858","M","C"
"2948","920","M","C"
"2949","515","O","T"
"2950","155","H","T"
"2951","1309","A","C"
"2952","995","M","M"
"2953","1735","A","N"
"2954","223","H","T"
"2955","886","A","T"
"2956","985","M","M"
"2957","233","H","T"
"2958","632","A","C"
"2959","1725","A","N"
"2960","659","M","M"
"2961","1774","O","N"
"2962","721","M","M"
"2963","622","A","T"
"2964","649","M","M"
"2965","731","M","M"
"2966","1764","O","N"
"2967","673","O","C"
"2968","480","M","C"
"2969","738","A","T"
"2970","1191","O","M"
"2971","48","A","M"
"2972","640","A","T"
"2973","1716","O","N"
"2974","490","M","C"
"2975","728","A","T"
"2976","1706","O","N"
"2977","611","O","C"
"2978","1456","A","C"
"2979","58","A","M"
"2980","650","A","T"
"2981","753","M","M"
"2982","241","H","T"
"2983","1757","A","N"
"2984","1203","A","C"
"2985","1747","A","N"
"2986","251","H","T"
"2987","1549","A","N"
"2988","968","O","M"
"2989","127","H","T"
"2990","978","O","M"
"2991","1559","A","N"
"2992","577","O","T"
"2993","800","O","M"
"2994","1508","O","N"
"2995","1470","O","N"
"2996","526","A","T"
"2997","332","O","T"
"2998","1518","O","N"
"2999","536","A","T"
"3000","322","O","T"
"3001","1460","O","N"
"3002","363","A","C"
"3003","15","O","C"
"3004","1377","A","M"
"3005","883","M","C"
"3006","1367","A","M"
"3007","990","A","M"
"3008","8","H","T"
"3009","765","O","M"
"3010","335","H","M"
"3011","161","A","M"
"3012","1804","O","C"
"3013","781","A","T"
"3014","935","A","C"
"3015","1822","A","N"
"3016","791","A","T"
"3017","429","M","C"
"3018","551","M","C"
"3019","1832","A","N"
"3020","439","M","T"
"3021","1696","A","N"
"3022","836","M","M"
"3023","541","M","T"
"3024","1863","O","N"
"3025","1686","A","N"
"3026","185","O","C"
"3027","1873","O","N"
"3028","826","M","M"
"3029","1336","A","C"
"3030","1672","A","N"
"3031","1887","O","N"
"3032","1662","A","N"
"3033","1326","A","C"
"3034","1897","O","N"
"3035","1633","O","N"
"3036","130","A","C"
"3037","765","A","T"
"3038","775","A","T"
"3039","734","O","C"
"3040","1623","O","N"
"3041","974","A","M"
"3042","217","O","T"
"3043","403","A","T"
"3044","500","M","M"
"3045","1555","O","N"
"3046","442","O","C"
"3047","1011","O","C"
"3048","781","O","M"
"3049","246","A","C"
"3050","1545","O","N"
"3051","510","M","M"
"3052","207","O","T"
"3053","413","A","T"
"3054","468","M","M"
"3055","935","O","M"
"3056","1300","O","N"
"3057","1393","A","M"
"3058","1310","O","N"
"3059","1040","A","C"
"3060","925","O","M"
"3061","452","O","T"
"3062","1383","A","M"
"3063","1931","O","C"
"3064","1494","O","N"
"3065","1203","O","M"
"3066","1484","O","N"
"3067","593","O","C"
"3068","1252","A","M"
"3069","48","O","C"
"3070","1785","O","C"
"3071","397","A","T"
"3072","583","O","T"
"3073","1242","A","M"
"3074","387","A","T"
"3075","1946","O","N"
"3076","913","M","M"
"3077","810","A","T"
"3078","929","O","C"
"3079","43","H","T"
"3080","1124","A","M"
"3081","800","A","T"
"3082","474","M","T"
"3083","1956","O","N"
"3084","841","O","C"
"3085","53","H","T"
"3086","464","M","C"
"3087","199","A","C"
"3088","406","M","C"
"3089","228","A","M"
"3090","687","O","C"
"3091","1790","O","N"
"3092","416","M","C"
"3093","1107","O","M"
"3094","238","A","M"
"3095","1780","O","N"
"3096","697","O","C"
"3097","971","M","M"
"3098","872","A","T"
"3099","833","O","C"
"3100","1924","O","N"
"3101","21","H","T"
"3102","1934","O","N"
"3103","823","O","C"
"3104","862","A","T"
"3105","819","M","M"
"3106","31","H","T"
"3107","1285","A","C"
"3108","1220","A","M"
"3109","489","O","T"
"3110","1358","A","M"
"3111","760","M","C"
"3112","1465","A","M"
"3113","1271","O","M"
"3114","1475","A","M"
"3115","1261","O","M"
"3116","1289","A","M"
"3117","1032","A","C"
"3118","1576","A","N"
"3119","1362","O","N"
"3120","420","O","T"
"3121","558","O","T"
"3122","118","H","T"
"3123","947","O","M"
"3124","430","O","T"
"3125","1566","A","N"
"3126","1372","O","N"
"3127","548","O","T"
"3128","108","H","T"
"3129","1537","O","N"
"3130","1073","O","C"
"3131","275","O","T"
"3132","461","A","T"
"3133","519","A","T"
"3134","265","O","T"
"3135","471","A","T"
"3136","1022","A","T"
"3137","1063","O","C"
"3138","1527","O","N"
"3139","509","A","T"
"3140","707","A","T"
"3141","1651","O","N"
"3142","1729","O","N"
"3143","756","O","C"
"3144","1641","O","N"
"3145","717","A","T"
"3146","1739","O","N"
"3147","113","O","C"
"3148","1610","A","N"
"3149","392","M","C"
"3150","1768","A","N"
"3151","98","H","T"
"3152","1600","A","N"
"3153","1344","A","C"
"3154","88","H","T"
"3155","1778","A","N"
"3156","26","O","M"
"3157","1266","A","M"
"3158","1599","A","N"
"3159","159","O","M"
"3160","1276","A","M"
"3161","1589","A","N"
"3162","736","M","C"
"3163","1227","O","M"
"3164","1423","A","M"
"3165","1237","O","M"
"3166","450","M","C"
"3167","528","M","C"
"3168","690","A","T"
"3169","440","M","C"
"3170","1151","O","M"
"3171","680","A","T"
"3172","1029","O","M"
"3173","824","A","T"
"3174","927","M","M"
"3175","77","H","T"
"3176","1787","A","N"
"3177","291","H","T"
"3178","1962","O","N"
"3179","937","M","M"
"3180","1110","A","M"
"3181","834","A","T"
"3182","1797","A","N"
"3183","67","H","T"
"3184","751","A","T"
"3185","710","O","C"
"3186","1607","O","N"
"3187","629","A","T"
"3188","1080","O","M"
"3189","668","O","C"
"3190","1617","O","N"
"3191","114","A","C"
"3192","700","O","C"
"3193","741","A","T"
"3194","1090","O","M"
"3195","639","A","T"
"3196","31","A","M"
"3197","1646","A","N"
"3198","1302","A","C"
"3199","228","H","T"
"3200","1656","A","N"
"3201","238","H","T"
"3202","1520","A","N"
"3203","1334","O","N"
"3204","476","O","T"
"3205","911","O","M"
"3206","1530","A","N"
"3207","1324","O","N"
"3208","1561","O","N"
"3209","223","O","T"
"3210","437","A","T"
"3211","1419","O","N"
"3212","950","A","M"
"3213","233","O","T"
"3214","427","A","T"
"3215","524","M","M"
"3216","1571","O","N"
"3217","466","O","C"
"3218","1409","O","N"
"3219","241","O","T"
"3220","455","A","T"
"3221","200","A","C"
"3222","1503","O","N"
"3223","2255","O","C"
"3224","339","O","T"
"3225","1513","O","N"
"3226","932","A","M"
"3227","1016","A","T"
"3228","445","A","T"
"3229","546","M","M"
"3230","685","M","C"
"3231","329","O","T"
"3232","963","O","M"
"3233","414","O","T"
"3234","1542","A","N"
"3235","1356","O","N"
"3236","1552","A","N"
"3237","1346","O","N"
"3238","973","O","M"
"3239","404","O","T"
"3240","987","A","T"
"3241","1218","A","C"
"3242","137","O","C"
"3243","1634","A","N"
"3244","894","M","M"
"3245","1208","A","C"
"3246","166","A","C"
"3247","772","O","C"
"3248","1665","O","N"
"3249","733","A","T"
"3250","1890","A","N"
"3251","723","A","T"
"3252","176","A","C"
"3253","758","M","M"
"3254","997","A","C"
"3255","1880","A","N"
"3256","1910","O","N"
"3257","807","O","C"
"3258","846","A","T"
"3259","945","M","M"
"3260","1868","O","N"
"3261","15","H","T"
"3262","955","M","M"
"3263","856","A","T"
"3264","817","O","C"
"3265","1900","O","N"
"3266","1878","O","N"
"3267","432","M","C"
"3268","364","A","M"
"3269","1829","A","N"
"3270","1133","O","M"
"3271","422","M","C"
"3272","1839","A","N"
"3273","3","H","T"
"3274","1451","A","M"
"3275","616","O","M"
"3276","1245","O","M"
"3277","380","O","T"
"3278","744","M","C"
"3279","1977","O","C"
"3280","1441","A","M"
"3281","1255","O","M"
"3282","390","O","T"
"3283","584","A","T"
"3284","1204","A","M"
"3285","898","M","C"
"3286","594","A","C"
"3287","195","H","T"
"3288","185","H","T"
"3289","904","M","C"
"3290","1398","A","M"
"3291","171","H","T"
"3292","531","O","T"
"3293","459","O","T"
"3294","521","O","T"
"3295","1133","A","C"
"3296","560","A","C"
"3297","1388","A","M"
"3298","408","A","T"
"3299","1426","O","N"
"3300","1162","O","C"
"3301","570","A","T"
"3302","364","O","T"
"3303","1020","M","M"
"3304","418","A","T"
"3305","1030","M","M"
"3306","374","O","T"
"3307","1436","O","N"
"3308","1638","O","N"
"3309","1740","O","N"
"3310","657","O","C"
"3311","1628","O","N"
"3312","1214","O","C"
"3313","1750","O","N"
"3314","705","M","M"
"3315","1679","A","N"
"3316","217","H","T"
"3317","1245","A","C"
"3318","1701","A","N"
"3319","1669","A","N"
"3320","1255","A","C"
"3321","207","H","T"
"3322","796","O","C"
"3323","182","A","C"
"3324","1681","O","N"
"3325","517","M","C"
"3326","1874","A","N"
"3327","329","A","M"
"3328","973","A","C"
"3329","507","M","C"
"3330","1864","A","N"
"3331","251","A","M"
"3332","1016","O","M"
"3333","1384","A","C"
"3334","48","H","T"
"3335","860","M","M"
"3336","963","A","T"
"3337","1835","O","N"
"3338","908","M","M"
"3339","1825","O","N"
"3340","58","H","T"
"3341","1057","A","M"
"3342","870","M","M"
"3343","987","O","M"
"3344","1259","A","M"
"3345","588","O","T"
"3346","1321","A","M"
"3347","166","O","M"
"3348","1249","A","M"
"3349","997","O","M"
"3350","176","O","M"
"3351","709","M","C"
"3352","671","M","C"
"3353","127","A","M"
"3354","1208","O","M"
"3355","1585","O","N"
"3356","60","A","C"
"3357","751","O","M"
"3358","1516","A","M"
"3359","311","H","M"
"3360","639","O","M"
"3361","1595","O","N"
"3362","296","A","C"
"3363","1506","A","M"
"3364","492","O","T"
"3365","104","O","M"
"3366","482","O","T"
"3367","31","O","C"
"3368","1684","O","C"
"3369","1090","A","C"
"3370","879","A","T"
"3371","940","O","C"
"3372","1857","O","N"
"3373","869","A","T"
"3374","1847","O","N"
"3375","1816","A","N"
"3376","1064","O","M"
"3377","1074","O","M"
"3378","911","A","C"
"3379","1806","A","N"
"3380","93","H","T"
"3381","1763","A","N"
"3382","275","H","T"
"3383","399","M","C"
"3384","108","O","C"
"3385","389","M","C"
"3386","265","H","T"
"3387","1773","A","N"
"3388","1237","A","C"
"3389","83","H","T"
"3390","1722","O","N"
"3391","635","O","C"
"3392","674","A","T"
"3393","664","A","T"
"3394","1732","O","N"
"3395","1078","O","C"
"3396","690","O","M"
"3397","512","A","T"
"3398","1042","M","M"
"3399","1444","O","N"
"3400","357","A","C"
"3401","286A","O","T"
"3402","1454","O","N"
"3403","502","A","T"
"3404","316","O","T"
"3405","98","O","C"
"3406","1369","O","N"
"3407","1039","A","C"
"3408","113","H","T"
"3409","553","O","T"
"3410","824","O","M"
"3411","1379","O","N"
"3412","1292","A","M"
"3413","88","O","C"
"3414","103","H","T"
"3415","543","O","T"
"3416","219","A","C"
"3417","258","O","T"
"3418","361","A","C"
"3419","1462","O","N"
"3420","534","A","T"
"3421","320","O","T"
"3422","248","O","T"
"3423","209","A","C"
"3424","524","A","T"
"3425","330","O","T"
"3426","427","M","M"
"3427","1472","O","N"
"3428","1136","O","C"
"3429","575","O","T"
"3430","565","O","T"
"3431","253","H","T"
"3432","1745","A","N"
"3433","642","A","C"
"3434","1755","A","N"
"3435","243","H","T"
"3436","1183","O","M"
"3437","1889","A","N"
"3438","613","O","C"
"3439","1704","O","N"
"3440","1193","O","M"
"3441","482","M","C"
"3442","741","M","M"
"3443","1899","A","N"
"3444","187","O","C"
"3445","1684","A","N"
"3446","1909","O","N"
"3447","824","M","M"
"3448","1871","O","N"
"3449","966","O","C"
"3450","1919","O","N"
"3451","1694","A","N"
"3452","1861","O","N"
"3453","1013","A","M"
"3454","793","A","T"
"3455","205","A","M"
"3456","553","M","C"
"3457","1830","A","N"
"3458","783","A","T"
"3459","543","M","C"
"3460","1820","A","N"
"3461","937","A","C"
"3462","46","A","C"
"3463","1448","A","M"
"3464","399","O","T"
"3465","337","H","M"
"3466","1458","A","M"
"3467","992","A","M"
"3468","173","A","M"
"3469","389","O","T"
"3470","881","M","C"
"3471","1365","A","M"
"3472","17","O","C"
"3473","726","A","M"
"3474","1375","A","M"
"3475","132","O","M"
"3476","1394","O","N"
"3477","1580","A","N"
"3478","1307","A","M"
"3479","140","O","M"
"3480","1384","O","N"
"3481","1590","A","N"
"3482","150","O","M"
"3483","192","O","N"
"3484","1085","O","C"
"3485","497","A","T"
"3486","283","O","T"
"3487","715","O","M"
"3488","101","A","M"
"3489","487","A","T"
"3490","293","O","T"
"3491","705","O","M"
"3492","449","M","C"
"3493","531","M","C"
"3494","1852","A","N"
"3495","81","A","M"
"3496","689","A","T"
"3497","267","A","M"
"3498","1020","O","M"
"3499","2099","O","C"
"3500","459","M","C"
"3501","277","A","M"
"3502","1030","O","M"
"3503","1842","A","N"
"3504","699","A","T"
"3505","1813","O","N"
"3506","288","H","T"
"3507","846","M","M"
"3508","1109","A","M"
"3509","1071","A","M"
"3510","298","H","T"
"3511","1803","O","N"
"3512","349","H","C"
"3513","709","O","C"
"3514","748","A","T"
"3515","1099","O","M"
"3516","1766","O","N"
"3517","719","O","C"
"3518","620","A","T"
"3519","1776","O","N"
"3520","987","M","M"
"3521","884","A","T"
"3522","1727","A","N"
"3523","1263","A","C"
"3524","231","H","T"
"3525","2675","O","C"
"3526","997","M","M"
"3527","758","A","C"
"3528","221","H","T"
"3529","1273","A","C"
"3530","1737","A","N"
"3531","918","O","M"
"3532","1539","A","N"
"3533","517","O","T"
"3534","1105","A","C"
"3535","1529","A","N"
"3536","1115","A","C"
"3537","932","M","C"
"3538","147","H","T"
"3539","507","O","T"
"3540","796","M","C"
"3541","1578","O","N"
"3542","1287","O","M"
"3543","1493","A","M"
"3544","342","O","T"
"3545","303","A","C"
"3546","1400","O","N"
"3547","1568","O","N"
"3548","1297","O","M"
"3549","1483","A","M"
"3550","786","M","C"
"3551","949","A","M"
"3552","1410","O","N"
"3553","546","A","T"
"3554","352","O","T"
"3555","1016","M","M"
"3556","445","M","M"
"3557","1099","A","T"
"3558","772","M","C"
"3559","1941","O","C"
"3560","1477","A","M"
"3561","1273","O","M"
"3562","38","O","C"
"3563","1089","A","C"
"3564","719","A","M"
"3565","963","M","M"
"3566","860","A","T"
"3567","1936","O","N"
"3568","33","H","T"
"3569","1926","O","N"
"3570","831","O","C"
"3571","870","A","T"
"3572","973","M","M"
"3573","949","O","C"
"3574","23","H","T"
"3575","1782","O","N"
"3576","404","M","C"
"3577","1115","O","M"
"3578","352","A","M"
"3579","1792","O","N"
"3580","1602","A","N"
"3581","24","O","M"
"3582","1085","A","M"
"3583","1612","A","N"
"3584","1356","A","C"
"3585","715","A","T"
"3586","1643","O","N"
"3587","140","A","C"
"3588","150","A","C"
"3589","705","A","T"
"3590","293","A","M"
"3591","1525","O","N"
"3592","267","O","T"
"3593","904","A","M"
"3594","1119","O","C"
"3595","277","O","T"
"3596","463","A","T"
"3597","1535","O","N"
"3598","1890","O","C"
"3599","1564","A","N"
"3600","1370","O","N"
"3601","432","O","T"
"3602","91","O","C"
"3603","955","O","M"
"3604","422","O","T"
"3605","817","M","C"
"3606","1360","O","N"
"3607","733","O","N"
"3608","927","O","M"
"3609","1312","O","N"
"3610","168","H","T"
"3611","528","O","T"
"3612","569","A","C"
"3613","1302","O","N"
"3614","1052","A","C"
"3615","440","O","T"
"3616","538","O","T"
"3617","966","A","M"
"3618","205","O","T"
"3619","411","A","T"
"3620","1003","O","C"
"3621","1039","M","M"
"3622","793","O","M"
"3623","1557","O","N"
"3624","215","O","T"
"3625","976","A","M"
"3626","401","A","T"
"3627","197","A","M"
"3628","783","O","M"
"3629","579","A","T"
"3630","1029","M","M"
"3631","1621","O","N"
"3632","736","O","C"
"3633","777","A","T"
"3634","674","M","M"
"3635","1759","O","N"
"3636","767","A","T"
"3637","1631","O","N"
"3638","1749","O","N"
"3639","1419","A","C"
"3640","1660","A","N"
"3641","1718","A","N"
"3642","1895","O","N"
"3643","1670","A","N"
"3644","1334","A","C"
"3645","56","O","M"
"3646","1885","O","N"
"3647","1708","A","N"
"3648","476","M","C"
"3649","1698","O","N"
"3650","1167","O","M"
"3651","258","A","M"
"3652","1688","O","N"
"3653","1177","O","M"
"3654","1905","A","N"
"3655","843","O","C"
"3656","1954","O","N"
"3657","802","A","T"
"3658","51","H","T"
"3659","812","A","T"
"3660","911","M","M"
"3661","1944","O","N"
"3662","869","M","M"
"3663","385","A","T"
"3664","1250","A","M"
"3665","395","A","T"
"3666","581","O","T"
"3667","1415","A","M"
"3668","1201","O","M"
"3669","1486","O","N"
"3670","700","M","C"
"3671","1405","A","M"
"3672","642","O","M"
"3673","1211","O","M"
"3674","1496","O","N"
"3675","936","A","C"
"3676","1821","A","N"
"3677","542","M","C"
"3678","782","A","T"
"3679","1831","A","N"
"3680","552","M","C"
"3681","691","M","M"
"3682","1860","O","N"
"3683","977","O","C"
"3684","835","M","M"
"3685","1918","O","N"
"3686","196","O","C"
"3687","1695","A","N"
"3688","825","M","M"
"3689","1002","A","M"
"3690","967","O","C"
"3691","1870","O","N"
"3692","1685","A","N"
"3693","792","A","C"
"3694","1908","O","N"
"3695","133","O","M"
"3696","1374","A","M"
"3697","16","O","C"
"3698","123","O","M"
"3699","1364","A","M"
"3700","880","M","C"
"3701","326","H","M"
"3702","388","O","T"
"3703","57","A","C"
"3704","993","A","M"
"3705","398","O","T"
"3706","47","A","C"
"3707","1449","A","M"
"3708","813","O","M"
"3709","564","O","T"
"3710","124","H","T"
"3711","426","M","M"
"3712","331","O","T"
"3713","525","A","T"
"3714","1137","O","C"
"3715","370","A","C"
"3716","1473","O","N"
"3717","249","O","T"
"3718","208","A","C"
"3719","1463","O","N"
"3720","1127","O","C"
"3721","321","O","T"
"3722","535","A","T"
"3723","436","M","M"
"3724","218","A","C"
"3725","259","O","T"
"3726","1715","O","N"
"3727","1898","A","N"
"3728","1192","O","M"
"3729","1888","A","N"
"3730","653","A","T"
"3731","750","M","M"
"3732","1705","O","N"
"3733","493","M","C"
"3734","1754","A","N"
"3735","1210","A","C"
"3736","643","A","C"
"3737","242","H","T"
"3738","252","H","T"
"3739","1744","A","N"
"3740","220","H","T"
"3741","1736","A","N"
"3742","718","O","T"
"3743","996","M","M"
"3744","1726","A","N"
"3745","230","H","T"
"3746","78","O","M"
"3747","885","A","T"
"3748","986","M","M"
"3749","722","M","M"
"3750","621","A","T"
"3751","29","A","M"
"3752","660","O","C"
"3753","1777","O","N"
"3754","1088","O","M"
"3755","759","A","T"
"3756","1767","O","N"
"3757","708","O","C"
"3758","348","H","C"
"3759","312","A","C"
"3760","1411","O","N"
"3761","1017","M","M"
"3762","353","O","T"
"3763","547","A","T"
"3764","1482","A","M"
"3765","1569","O","N"
"3766","343","O","T"
"3767","557","A","T"
"3768","1007","M","M"
"3769","1401","O","N"
"3770","958","A","M"
"3771","1492","A","M"
"3772","1579","O","N"
"3773","1114","A","C"
"3774","506","O","T"
"3775","146","H","T"
"3776","1528","A","N"
"3777","909","O","M"
"3778","516","O","T"
"3779","156","H","T"
"3780","1710","O","C"
"3781","1538","A","N"
"3782","292","O","T"
"3783","486","A","T"
"3784","100","A","M"
"3785","656","M","C"
"3786","899","A","M"
"3787","1084","O","C"
"3788","282","O","T"
"3789","496","A","T"
"3790","1591","A","N"
"3791","1385","O","N"
"3792","141","O","M"
"3793","1306","A","M"
"3794","1581","A","N"
"3795","1395","O","N"
"3796","857","M","M"
"3797","1802","O","N"
"3798","915","O","C"
"3799","299","H","T"
"3800","458","M","T"
"3801","289","H","T"
"3802","1812","O","N"
"3803","847","M","M"
"3804","1118","A","M"
"3805","276","A","M"
"3806","698","A","T"
"3807","1843","A","N"
"3808","520","M","C"
"3809","1149","O","M"
"3810","688","A","T"
"3811","1853","A","N"
"3812","530","M","C"
"3813","1021","O","M"
"3814","448","M","C"
"3815","1159","O","M"
"3816","74","A","M"
"3817","1652","O","N"
"3818","151","A","C"
"3819","704","A","T"
"3820","714","A","T"
"3821","755","O","C"
"3822","1642","O","N"
"3823","1966","M","C"
"3824","1094","A","M"
"3825","1357","A","C"
"3826","1613","A","N"
"3827","25","O","M"
"3828","1603","A","N"
"3829","100","O","C"
"3830","423","O","T"
"3831","1031","A","C"
"3832","1361","O","N"
"3833","1575","A","N"
"3834","806","M","C"
"3835","1371","O","N"
"3836","1565","A","N"
"3837","433","O","T"
"3838","944","O","M"
"3839","80","O","C"
"3840","1891","O","C"
"3841","462","A","T"
"3842","276","O","T"
"3843","915","A","M"
"3844","561","M","M"
"3845","1534","O","N"
"3846","237","A","C"
"3847","1118","O","C"
"3848","409","M","M"
"3849","688","O","M"
"3850","227","A","C"
"3851","1060","O","C"
"3852","1524","O","N"
"3853","571","M","M"
"3854","472","A","T"
"3855","905","A","M"
"3856","266","O","T"
"3857","1098","A","C"
"3858","1223","A","M"
"3859","1272","O","M"
"3860","621","O","M"
"3861","1466","A","M"
"3862","1088","A","T"
"3863","309","H","M"
"3864","78","A","C"
"3865","1940","O","C"
"3866","773","M","C"
"3867","1262","O","M"
"3868","684","O","C"
"3869","1793","O","N"
"3870","405","M","C"
"3871","353","A","M"
"3872","1114","O","M"
"3873","1783","O","N"
"3874","343","A","M"
"3875","1104","O","M"
"3876","415","M","C"
"3877","22","H","T"
"3878","830","O","C"
"3879","1927","O","N"
"3880","972","M","M"
"3881","871","A","T"
"3882","1286","A","C"
"3883","32","H","T"
"3884","958","O","C"
"3885","861","A","T"
"3886","962","M","M"
"3887","1937","O","N"
"3888","40","H","T"
"3889","910","M","M"
"3890","813","A","T"
"3891","1945","O","N"
"3892","50","H","T"
"3893","1955","O","N"
"3894","842","O","C"
"3895","803","A","T"
"3896","1127","A","M"
"3897","900","M","M"
"3898","1689","O","N"
"3899","1904","A","N"
"3900","259","A","M"
"3901","477","M","C"
"3902","1166","O","M"
"3903","1699","O","N"
"3904","1497","O","N"
"3905","701","M","C"
"3906","1210","O","M"
"3907","1487","O","N"
"3908","1200","O","M"
"3909","653","O","M"
"3910","1414","A","M"
"3911","711","M","C"
"3912","580","O","T"
"3913","394","A","T"
"3914","1329","A","M"
"3915","1251","A","M"
"3916","1339","A","M"
"3917","384","A","T"
"3918","1241","A","M"
"3919","1028","M","M"
"3920","578","A","T"
"3921","1556","O","N"
"3922","255","A","C"
"3923","1012","O","C"
"3924","400","A","T"
"3925","977","A","M"
"3926","214","O","T"
"3927","503","M","M"
"3928","2378","O","C"
"3929","568","A","T"
"3930","186","A","M"
"3931","410","A","T"
"3932","204","O","T"
"3933","1002","O","C"
"3934","539","O","T"
"3935","1053","A","C"
"3936","874","M","C"
"3937","1303","O","N"
"3938","441","O","T"
"3939","529","O","T"
"3940","169","H","T"
"3941","451","O","T"
"3942","926","O","M"
"3943","1313","O","N"
"3944","864","M","C"
"3945","1884","O","N"
"3946","57","O","M"
"3947","1671","A","N"
"3948","1719","A","N"
"3949","983","O","C"
"3950","1894","O","N"
"3951","1661","A","N"
"3952","1325","A","C"
"3953","737","O","T"
"3954","1748","O","N"
"3955","766","A","T"
"3956","665","M","M"
"3957","1630","O","N"
"3958","727","O","C"
"3959","1758","O","N"
"3960","1408","A","C"
"3961","123","A","C"
"3962","1620","O","N"
"3963","675","M","M"
"3964","776","A","T"
"3965","638","A","C"
"3966","239","H","T"
"3967","1657","A","N"
"3968","1313","A","C"
"3969","229","H","T"
"3970","61","O","M"
"3971","144","O","C"
"3972","1647","A","N"
"3973","679","O","C"
"3974","1091","O","M"
"3975","701","O","C"
"3976","1616","O","N"
"3977","341","H","C"
"3978","740","A","T"
"3979","669","O","C"
"3980","750","A","T"
"3981","653","M","M"
"3982","1606","O","N"
"3983","1408","O","N"
"3984","525","M","M"
"3985","232","O","T"
"3986","467","O","C"
"3987","1034","O","C"
"3988","1570","O","N"
"3989","1418","O","N"
"3990","1560","O","N"
"3991","436","A","T"
"3992","222","O","T"
"3993","1325","O","N"
"3994","1531","A","N"
"3995","1075","A","C"
"3996","1065","A","C"
"3997","1335","O","N"
"3998","1521","A","N"
"3999","477","O","T"
"4000","1236","O","M"
"4001","665","O","M"
"4002","1422","A","M"
"4003","737","M","C"
"4004","1226","O","M"
"4005","1432","A","M"
"4006","1588","A","N"
"4007","1277","A","M"
"4008","158","O","M"
"4009","1598","A","N"
"4010","1267","A","M"
"4011","280","H","T"
"4012","1796","A","N"
"4013","1963","O","N"
"4014","835","A","T"
"4015","936","M","M"
"4016","1079","A","M"
"4017","1786","A","N"
"4018","76","H","T"
"4019","290","H","T"
"4020","926","M","M"
"4021","825","A","T"
"4022","89","A","M"
"4023","539","M","C"
"4024","317","A","M"
"4025","1150","O","M"
"4026","1038","O","M"
"4027","792","M","M"
"4028","691","A","T"
"4029","529","M","C"
"4030","451","M","C"
"4031","1838","A","N"
"4032","816","O","T"
"4033","698","M","M"
"4034","1828","A","N"
"4035","688","M","M"
"4036","433","M","C"
"4037","1879","O","N"
"4038","857","A","T"
"4039","954","M","M"
"4040","1901","O","N"
"4041","1869","O","N"
"4042","14","H","T"
"4043","806","O","C"
"4044","1911","O","N"
"4045","944","M","M"
"4046","847","A","T"
"4047","184","H","T"
"4048","454","M","N"
"4049","889","M","C"
"4050","194","H","T"
"4051","899","M","C"
"4052","585","A","T"
"4053","391","O","T"
"4054","486","M","M"
"4055","1976","O","C"
"4056","1254","O","M"
"4057","607","O","M"
"4058","1440","A","M"
"4059","595","A","T"
"4060","381","O","T"
"4061","1244","O","M"
"4062","617","O","M"
"4063","2","H","T"
"4064","1450","A","M"
"4065","830","M","C"
"4066","1347","O","N"
"4067","1017","A","C"
"4068","972","O","M"
"4069","415","O","T"
"4070","1357","O","N"
"4071","1543","A","N"
"4072","328","O","T"
"4073","1512","O","N"
"4074","444","A","T"
"4075","933","A","M"
"4076","250","O","T"
"4077","338","O","T"
"4078","379","A","C"
"4079","454","A","T"
"4080","240","O","T"
"4081","923","A","M"
"4082","1502","O","N"
"4083","201","A","C"
"4084","1046","O","C"
"4085","1881","A","N"
"4086","52","A","M"
"4087","722","A","T"
"4088","763","O","C"
"4089","1674","O","N"
"4090","1891","A","N"
"4091","42","A","M"
"4092","1664","O","N"
"4093","773","O","C"
"4094","333","H","C"
"4095","732","A","T"
"4096","1209","A","C"
"4097","895","M","M"
"4098","1635","A","N"
"4099","1371","A","C"
"4100","1219","A","C"
"4101","885","M","M"
"4102","1361","A","C"
"4103","1625","A","N"
"4104","933","O","C"
"4105","1824","O","N"
"4106","871","M","M"
"4107","59","H","T"
"4108","909","M","M"
"4109","49","H","T"
"4110","1834","O","N"
"4111","919","M","M"
"4112","1385","A","C"
"4113","1865","A","N"
"4114","506","M","C"
"4115","328","A","M"
"4116","193","A","C"
"4117","1690","O","N"
"4118","1875","A","N"
"4119","516","M","C"
"4120","1680","O","N"
"4121","183","A","C"
"4122","797","O","C"
"4123","599","O","C"
"4124","136","A","M"
"4125","722","O","M"
"4126","1209","O","M"
"4127","718","M","C"
"4128","589","O","C"
"4129","1219","O","M"
"4130","1330","A","M"
"4131","996","O","M"
"4132","375","O","T"
"4133","1031","M","M"
"4134","1437","O","N"
"4135","1173","O","C"
"4136","334","A","C"
"4137","419","A","T"
"4138","1992","O","C"
"4139","1163","O","C"
"4140","1427","O","N"
"4141","472","M","M"
"4142","1021","M","M"
"4143","409","A","T"
"4144","520","O","T"
"4145","160","H","T"
"4146","1389","A","M"
"4147","1132","A","C"
"4148","915","M","C"
"4149","458","O","T"
"4150","571","A","C"
"4151","1122","A","C"
"4152","530","O","T"
"4153","170","H","T"
"4154","448","O","T"
"4155","1710","A","N"
"4156","206","H","T"
"4157","1668","A","N"
"4158","216","H","T"
"4159","1700","A","N"
"4160","1678","A","N"
"4161","1751","O","N"
"4162","1401","A","C"
"4163","704","M","M"
"4164","1629","O","N"
"4165","714","M","M"
"4166","1741","O","N"
"4167","1639","O","N"
"4168","381","A","M"
"4169","665","A","T"
"4170","766","M","M"
"4171","1733","O","N"
"4172","634","O","C"
"4173","1723","O","N"
"4174","675","A","T"
"4175","264","H","T"
"4176","82","H","T"
"4177","1236","A","C"
"4178","1772","A","N"
"4179","1762","A","N"
"4180","92","H","T"
"4181","274","H","T"
"4182","835","O","M"
"4183","542","O","T"
"4184","102","H","T"
"4185","1293","A","M"
"4186","1378","O","N"
"4187","552","O","T"
"4188","112","H","T"
"4189","99","O","C"
"4190","1283","A","M"
"4191","1038","A","C"
"4192","1368","O","N"
"4193","1455","O","N"
"4194","1111","O","C"
"4195","356","A","C"
"4196","317","O","T"
"4197","503","A","T"
"4198","1069","O","C"
"4199","307","O","T"
"4200","1101","O","C"
"4201","1445","O","N"
"4202","1079","O","C"
"4203","1352","A","M"
"4204","483","O","T"
"4205","1342","A","M"
"4206","20","O","C"
"4207","1507","A","M"
"4208","154","A","M"
"4209","297","A","C"
"4210","1594","O","N"
"4211","1517","A","M"
"4212","1584","O","N"
"4213","628","O","M"
"4214","1075","O","M"
"4215","426","O","M"
"4216","1807","A","N"
"4217","900","A","C"
"4218","1817","A","N"
"4219","222","A","M"
"4220","813","M","M"
"4221","1846","O","N"
"4222","868","A","T"
"4223","829","O","C"
"4224","85","O","M"
"4225","1856","O","N"
"4226","1024","A","M"
"4227","803","M","M"
"4228","878","A","T"
